date,train_end_date,residual_history_start_date,residual_history_end_date,soc_open_kwh,soc_close_kwh,original_purchase_kwh,effective_purchase_kwh,upward_adjustment_kwh,downward_adjustment_kwh,emergency_purchase_kwh,base_plan_cost_yuan,downward_credit_yuan,upward_adjustment_cost_yuan,normal_settlement_cost_yuan,emergency_cost_yuan,total_cost_yuan,charge_kwh,discharge_kwh,surplus_discard_kwh,net_adjustment_cost_yuan,gross_adjustment_fee_yuan,settlement_kind,downward_component_yuan
2025-02-01,2025-01-31,2025-01-02,2025-01-31,6000.0,9758.454871193826,51247.516323716874,51247.516323716874,0.0,0.0,0.0,26892.026562188967,0.0,0.0,26892.026562188967,0.0,26892.026562188967,22541.473640750344,14875.984264933333,9203.85101456653,0.0,0.0,refund,0.0
2025-02-02,2025-02-01,2025-01-02,2025-02-01,9758.454871193826,9532.116331246914,93024.30530163649,93024.30530163649,0.0,0.0,0.0,59158.89159079037,0.0,0.0,59158.89159079037,0.0,59158.89159079037,21216.46966343347,17389.045113333334,10840.602801536352,0.0,0.0,refund,0.0
2025-02-03,2025-02-02,2025-01-02,2025-02-02,9532.116331246914,9410.58513116914,95680.99169039231,95680.99169039231,0.0,0.0,0.0,60859.01072747827,0.0,0.0,60859.01072747827,0.0,60859.01072747827,21246.833059858713,17319.312858555553,11536.554989089156,0.0,0.0,refund,0.0
2025-02-04,2025-02-03,2025-01-02,2025-02-03,9410.58513116914,9481.523380665434,97935.24928936761,97935.24928936761,0.0,0.0,0.0,62798.0750803036,0.0,0.0,62798.0750803036,0.0,62798.0750803036,21859.706738260626,17642.518033444445,12523.196634551441,0.0,0.0,refund,0.0
2025-02-05,2025-02-04,2025-01-02,2025-02-04,9481.523380665434,9483.27930116173,92541.39275264746,92541.39275264746,0.0,0.0,0.0,58885.58807965829,0.0,0.0,58885.588079658286,0.0,58885.588079658286,22537.382094652938,18253.69916822222,7509.282842883409,0.0,0.0,refund,0.0
2025-02-06,2025-02-05,2025-01-02,2025-02-05,9483.27930116173,9425.868090053087,98291.45188204251,98291.45188204251,0.0,0.0,0.0,62993.567368590826,0.0,0.0,62993.567368590826,0.0,62993.567368590826,21297.66165459808,17302.776030222223,14025.509040999994,0.0,0.0,refund,0.0
2025-02-07,2025-02-06,2025-01-02,2025-02-06,9425.868090053087,9277.328113425921,47795.3018282332,47795.3018282332,0.0,0.0,0.0,25055.983530227713,0.0,0.0,25055.98353022771,0.0,25055.98353022771,18545.145696751708,15155.253993333336,12599.730458148157,0.0,0.0,refund,0.0
2025-02-08,2025-02-07,2025-01-02,2025-02-07,9277.328113425921,9263.466453751844,39017.33177416461,39017.33177416461,0.0,0.0,0.0,20341.84105723853,0.0,0.0,20341.84105723853,0.0,20341.84105723853,18631.936101596722,15104.343736000003,3912.5766919012267,0.0,0.0,refund,0.0
2025-02-09,2025-02-08,2025-01-02,2025-02-08,9263.466453751844,9169.035099271607,92465.70954294241,92465.70954294241,0.0,0.0,0.0,58690.91760265306,0.0,0.0,58690.917602653055,0.0,58690.917602653055,21177.974849754457,17239.14784733333,8971.466573854603,0.0,0.0,refund,0.0
2025-02-10,2025-02-09,2025-01-02,2025-02-09,9169.035099271607,9121.483905364197,88597.13909280933,88597.13909280933,0.0,0.0,0.0,55829.35970004559,0.0,0.0,55829.35970004559,0.0,55829.35970004559,20394.34759030863,16562.217622666663,10438.371541834029,0.0,0.0,refund,0.0
2025-02-11,2025-02-10,2025-01-02,2025-02-10,9121.483905364197,8963.634111281479,89203.03598766803,89203.03598766803,0.0,0.0,0.0,56483.478178084515,0.0,0.0,56483.478178084515,0.0,56483.478178084515,21990.84478119753,17954.649087444446,9946.243160581618,0.0,0.0,refund,0.0
2025-02-12,2025-02-11,2025-01-02,2025-02-11,8963.634111281479,9108.797407475307,89399.66444357613,89399.66444357613,0.0,0.0,0.0,56383.255523828586,0.0,0.0,56383.255523828586,0.0,56383.255523828586,21202.145725537728,17043.091071111114,9973.87365581618,0.0,0.0,refund,0.0
2025-02-13,2025-02-12,2025-01-02,2025-02-12,9108.797407475307,8574.512291879011,83460.18957240054,83460.18957240054,0.0,0.0,0.0,52146.328615121776,0.0,0.0,52146.32861512178,0.0,52146.32861512178,19119.38575701921,15967.559067222228,8978.883865936896,0.0,0.0,refund,0.0
2025-02-14,2025-02-13,2025-01-02,2025-02-13,8574.512291879011,8349.787236001233,39823.63373701509,39823.63373701509,0.0,0.0,0.0,20438.446265992665,0.0,0.0,20438.446265992665,0.0,20438.446265992665,18160.631841480114,14912.36434188889,6773.564420757199,0.0,0.0,refund,0.0
2025-02-15,2025-02-14,2025-01-02,2025-02-14,8349.787236001233,8854.233453064197,40659.601044661176,40659.601044661176,0.0,0.0,0.0,21127.423941553025,0.0,0.0,21127.42394155303,0.0,21127.42394155303,18387.61073939781,14439.963103555554,7431.86230881893,0.0,0.0,refund,0.0
2025-02-16,2025-02-15,2025-01-02,2025-02-15,8854.233453064197,8905.019014081483,89100.36585203977,89100.36585203977,0.0,0.0,0.0,55944.681302234254,0.0,0.0,55944.681302234254,0.0,55944.681302234254,21597.407495231815,17448.193066222222,9573.772323030185,0.0,0.0,refund,0.0
2025-02-17,2025-02-16,2025-01-02,2025-02-16,8905.019014081483,8864.700615740743,89022.12641329766,89022.12641329766,0.0,0.0,0.0,55398.26074282847,0.0,0.0,55398.26074282847,0.0,55398.26074282847,19159.672025163236,15555.620898888887,14234.212120356646,0.0,0.0,refund,0.0
2025-02-18,2025-02-17,2025-01-02,2025-02-17,8864.700615740743,9026.555743018518,79719.34666184636,79719.34666184636,0.0,0.0,12.7897999999999,49462.72305586947,0.0,0.0,49462.72305586947,56.35232843333287,49519.07538430281,21599.773332366247,17350.146784666667,3391.1221308134427,0.0,0.0,refund,0.0
2025-02-19,2025-02-18,2025-01-02,2025-02-18,9026.555743018518,8631.87861601605,79833.32681353096,79833.32681353096,0.0,0.0,0.0,49685.14691127494,0.0,0.0,49685.14691127494,0.0,49685.14691127494,22022.761874842254,18193.646532924446,3124.8840882798268,0.0,0.0,refund,0.0
2025-02-20,2025-02-19,2025-01-02,2025-02-19,8631.87861601605,8063.304494201234,82503.5211409218,82503.5211409218,0.0,0.0,15.793727222222174,51166.816100189244,0.0,0.0,51166.81610018924,73.97781830888866,51240.79391849812,19629.21304914952,16411.379279444445,8308.347365105623,0.0,0.0,refund,0.0
2025-02-21,2025-02-20,2025-01-02,2025-02-20,8063.304494201234,7741.003204056791,35604.35728507819,35604.35728507819,0.0,0.0,0.0,18365.069552905254,0.0,0.0,18365.069552905254,0.0,18365.069552905254,17279.015096272975,14286.073389111112,7051.153544582992,0.0,0.0,refund,0.0
2025-02-22,2025-02-21,2025-01-02,2025-02-21,7741.003204056791,8793.690990401235,37207.7048425766,37207.7048425766,0.0,0.0,0.0,19352.362838555226,0.0,0.0,19352.362838555226,0.0,19352.362838555226,18890.568033916323,14353.941099762224,4826.315025089165,0.0,0.0,refund,0.0
2025-02-23,2025-02-22,2025-01-02,2025-02-22,8793.690990401235,8741.621264409878,81713.90061210183,81713.90061210183,0.0,0.0,18.482305666666548,50461.7169559629,0.0,0.0,50461.71695596289,85.71410749488834,50547.43106345778,22555.60231462826,18316.90062824111,5961.827548048008,0.0,0.0,refund,0.0
2025-02-24,2025-02-23,2025-01-02,2025-02-23,8741.621264409878,8933.487851080243,78424.57276557064,78424.57276557064,0.0,0.0,52.39974177777788,48710.04239659141,0.0,0.0,48710.0423965914,237.51779958100047,48947.5601961724,21041.96913374897,16871.315070333334,6103.284827266116,0.0,0.0,refund,0.0
2025-02-25,2025-02-24,2025-01-02,2025-02-24,8933.487851080243,8791.700730808643,80840.31043427186,80840.31043427186,0.0,0.0,52.41323333333344,49984.273993680494,0.0,0.0,49984.273993680494,233.16785505000047,50217.441848730494,18620.822502197538,15210.474635024446,11661.052567098759,0.0,0.0,refund,0.0
2025-02-26,2025-02-25,2025-01-02,2025-02-25,8791.700730808643,8745.2105538,74174.52786472018,74174.52786472018,0.0,0.0,40.79195457999742,45290.79129915695,0.0,0.0,45290.79129915695,213.5722633885063,45504.363562545455,22423.401515227706,18204.79638664222,1181.8666573813448,0.0,0.0,refund,0.0
2025-02-27,2025-02-26,2025-01-02,2025-02-26,8745.2105538,7329.485727709879,73784.6830503731,73784.6830503731,0.0,0.0,10.682676666667021,45620.07384840015,0.0,0.0,45620.07384840014,47.846384159446075,45667.92023255959,21114.83183452263,18377.16612944445,4101.1158219615945,0.0,0.0,refund,0.0
2025-02-28,2025-02-27,2025-01-03,2025-02-27,7329.485727709879,7172.186950580252,34249.10611259197,34249.10611259197,0.0,0.0,0.0,17844.5617346676,0.0,0.0,17844.561734667604,0.0,17844.561734667604,16966.596602153633,13884.512147161113,7874.42810759945,0.0,0.0,refund,0.0
2025-03-01,2025-02-28,2025-01-04,2025-02-28,7172.186950580252,8996.355415858026,41586.624703155,41586.624703155,0.0,0.0,0.0,21161.494117075003,0.0,0.0,21161.494117075003,0.0,21161.494117075003,18200.498207647463,13100.651929444444,12828.01249161865,0.0,0.0,refund,0.0
2025-03-02,2025-03-01,2025-01-05,2025-03-01,8996.355415858026,8644.513379253087,84013.62479904664,84013.62479904664,0.0,0.0,0.0,52149.86706778728,0.0,0.0,52149.86706778729,0.0,52149.86706778729,22296.018572496567,18376.432876666666,7735.732036550065,0.0,0.0,refund,0.0
2025-03-03,2025-03-02,2025-01-06,2025-03-02,8644.513379253087,8596.808268351853,86286.960516941,86286.960516941,0.0,0.0,365.4133539666686,53504.97179019044,0.0,0.0,53504.97179019043,2339.5807621823133,55844.55255237274,21396.671312208502,17374.238362699994,10612.794288065845,0.0,0.0,refund,0.0
2025-03-04,2025-03-03,2025-01-07,2025-03-03,8596.808268351853,8674.525830537035,77122.77745380657,77122.77745380657,0.0,0.0,0.0,47473.882138639645,0.0,0.0,47473.88213863964,0.0,47473.88213863964,21891.125621220854,17661.865947222224,3694.0598464746117,0.0,0.0,refund,0.0
2025-03-05,2025-03-04,2025-01-08,2025-03-04,8674.525830537035,8784.146254660493,80862.93329520576,80862.93329520576,0.0,0.0,0.0,49818.00133013477,0.0,0.0,49818.00133013477,0.0,49818.00133013477,20104.869239423875,16186.285702222223,10813.877741337445,0.0,0.0,refund,0.0
2025-03-06,2025-03-05,2025-01-09,2025-03-05,8784.146254660493,7071.984406265436,73734.2923516118,73734.2923516118,0.0,0.0,0.0,45489.64086815344,0.0,0.0,45489.64086815344,0.0,45489.64086815344,19531.016481893002,17361.06901388889,5623.69075027435,0.0,0.0,refund,0.0
2025-03-07,2025-03-06,2025-01-10,2025-03-06,7071.984406265436,6648.987355648146,34248.80423280418,34248.80423280418,0.0,0.0,0.0,18141.422658754756,0.0,0.0,18141.422658754756,0.0,18141.422658754756,14961.68761454046,12499.664313333333,10864.495398263718,0.0,0.0,refund,0.0
2025-03-08,2025-03-07,2025-01-11,2025-03-07,6648.987355648146,8980.946225746917,35140.64805658333,35140.64805658333,0.0,0.0,0.0,18039.7529035189,0.0,0.0,18039.7529035189,0.0,18039.7529035189,18319.516077304528,12740.045039527773,10498.037502139914,0.0,0.0,refund,0.0
2025-03-09,2025-03-08,2025-01-12,2025-03-08,8980.946225746917,8802.548143129628,78305.07677759259,78305.07677759259,0.0,0.0,0.0,47881.818410247666,0.0,0.0,47881.81841024767,0.0,47881.81841024767,20444.131681179693,16720.30493611111,11247.72498252401,0.0,0.0,refund,0.0
2025-03-10,2025-03-09,2025-01-13,2025-03-09,8802.548143129628,8807.519079543208,75120.95700390261,75120.95700390261,0.0,0.0,0.0,45556.55595001465,0.0,0.0,45556.55595001465,0.0,45556.55595001465,21946.947845672155,17772.553912222225,2904.4916204526735,0.0,0.0,refund,0.0
2025-03-11,2025-03-10,2025-01-14,2025-03-10,8807.519079543208,8682.953505376543,66678.74255207818,66678.74255207818,0.0,0.0,2002.4734414055579,40726.49310285156,0.0,0.0,40726.493102851564,13639.209702583905,54365.70280543547,19413.239088696842,15836.832678594445,1165.8907833813478,0.0,0.0,refund,0.0
2025-03-12,2025-03-11,2025-01-15,2025-03-11,8682.953505376543,8781.81680710494,76575.17206569272,76575.17206569272,0.0,0.0,0.0,46861.30169694855,0.0,0.0,46861.30169694855,0.0,46861.30169694855,20059.7571377229,16159.426309999997,10239.306554636489,0.0,0.0,refund,0.0
2025-03-13,2025-03-12,2025-01-16,2025-03-12,8781.81680710494,5771.382467314815,72867.72955581619,72867.72955581619,0.0,0.0,87.1967544444434,44949.907779576155,0.0,0.0,44949.907779576155,598.2610254394372,45548.16880501559,17142.464791865576,16594.787387222223,4861.630888950608,0.0,0.0,refund,0.0
2025-03-14,2025-03-13,2025-01-17,2025-03-13,5771.382467314815,5572.037043438272,31262.676025274348,31262.676025274348,0.0,0.0,0.0,16075.61770923214,0.0,0.0,16075.617709232138,0.0,16075.617709232138,15212.295482386828,12501.37022222222,12522.324781776408,0.0,0.0,refund,0.0
2025-03-15,2025-03-14,2025-01-18,2025-03-14,5572.037043438272,8454.078686425923,34604.67885526749,34604.67885526749,0.0,0.0,34.55950707777553,17400.617668451876,0.0,0.0,17400.617668451876,179.72691715698335,17580.34458560886,19068.59688607681,12851.725999033333,7498.242325301786,0.0,0.0,refund,0.0
2025-03-16,2025-03-15,2025-01-19,2025-03-15,8454.078686425923,9034.239405839506,72585.6977447531,72585.6977447531,0.0,0.0,1.6400000000001,44377.5801382816,0.0,0.0,44377.5801382816,7.461180000000455,44385.0413182816,21493.678685493825,16887.73508777778,4630.347213703712,0.0,0.0,refund,0.0
2025-03-17,2025-03-16,2025-01-20,2025-03-16,9034.239405839506,8808.4379615,67480.0011680122,67480.0011680122,0.0,0.0,68.40224098888325,40284.90152805619,0.0,0.0,40284.90152805619,477.17403313844954,40762.07556119464,21152.998356385455,17337.149968577785,5874.423587860085,0.0,0.0,refund,0.0
2025-03-18,2025-03-17,2025-01-21,2025-03-17,8808.4379615,8896.147704055555,76278.91991944444,76278.91991944444,0.0,0.0,0.0,46700.423925740666,0.0,0.0,46700.423925740666,0.0,46700.423925740666,18912.493888161865,15240.18128111111,11480.648945727022,0.0,0.0,refund,0.0
2025-03-19,2025-03-18,2025-01-22,2025-03-18,8896.147704055555,8690.668429703703,62769.8501048834,62769.8501048834,0.0,0.0,1113.9830365611137,38408.005093272004,0.0,0.0,38408.005093272004,7678.328785386431,46086.333878658435,19820.475721358016,16239.516681216666,837.4036513031579,0.0,0.0,refund,0.0
2025-03-20,2025-03-19,2025-01-23,2025-03-19,8690.668429703703,5221.344702283951,67467.14334156379,67467.14334156379,0.0,0.0,373.0880972222243,41948.54715991371,0.0,0.0,41948.54715991371,1829.8278812736219,43778.375041187326,18068.51132618656,17757.885528888888,5320.643824821668,0.0,0.0,refund,0.0
2025-03-21,2025-03-20,2025-01-24,2025-03-20,5221.344702283951,4839.7923109259245,29458.684680303842,29458.684680303842,0.0,0.0,0.0,15244.184021655758,0.0,0.0,15244.18402165576,0.0,15244.18402165576,14895.285938751713,12408.578762611112,14938.512987496573,0.0,0.0,refund,0.0
2025-03-22,2025-03-21,2025-01-25,2025-03-21,4839.7923109259245,9168.852501734566,35270.93741281207,35270.93741281207,0.0,0.0,0.0,18004.60754832579,0.0,0.0,18004.60754832579,0.0,18004.60754832579,19212.423444519893,11665.908818333333,11843.22305329218,0.0,0.0,refund,0.0
2025-03-23,2025-03-22,2025-01-26,2025-03-22,9168.852501734566,8722.337349512349,71739.95309510287,71739.95309510287,0.0,0.0,0.0,43756.41961763858,0.0,0.0,43756.41961763858,0.0,43756.41961763858,19300.837878875176,16035.542318888887,9704.937418449928,0.0,0.0,refund,0.0
2025-03-24,2025-03-23,2025-01-27,2025-03-23,8722.337349512349,8949.476055864194,68154.53124429355,68154.53124429355,0.0,0.0,0.0,41045.94335485907,0.0,0.0,41045.94335485907,0.0,41045.94335485907,21048.81923682442,16845.11874611111,5952.333670246909,0.0,0.0,refund,0.0
2025-03-25,2025-03-24,2025-01-28,2025-03-24,8949.476055864194,8614.103633555558,74979.52326820989,74979.52326820989,0.0,0.0,0.0,45632.44003126294,0.0,0.0,45632.44003126294,0.0,45632.44003126294,19665.709501961606,16231.05987666667,10594.748926248274,0.0,0.0,refund,0.0
2025-03-26,2025-03-25,2025-01-29,2025-03-25,8614.103633555558,8757.309665283952,64948.65068343621,64948.65068343621,0.0,0.0,372.39422999999886,39335.95088709874,0.0,0.0,39335.95088709874,1905.0319203999939,41240.98280749874,21599.91280617283,17367.04394444445,5495.621185041155,0.0,0.0,refund,0.0
2025-03-27,2025-03-26,2025-01-30,2025-03-26,8757.309665283952,4668.846802253088,64133.388626289445,64133.388626289445,0.0,0.0,0.0,39834.92570426657,0.0,0.0,39834.92570426658,0.0,39834.92570426658,15426.068154931407,16174.731782222221,6165.062853580252,0.0,0.0,refund,0.0
2025-03-28,2025-03-27,2025-01-31,2025-03-27,4668.846802253088,4616.63765454321,29699.144525603566,29699.144525603566,0.0,0.0,0.0,15191.358962264261,0.0,0.0,15191.358962264263,0.0,15191.358962264263,14782.16577620713,12020.542511666667,16115.640494396437,0.0,0.0,refund,0.0
2025-03-29,2025-03-28,2025-02-01,2025-03-28,4616.63765454321,8725.410324,33425.10671467078,33425.10671467078,0.0,0.0,196.56892066666887,16543.858956471482,0.0,0.0,16543.858956471482,1201.6258120353468,17745.484768506827,19090.379906255144,11765.312321555555,18589.398867304528,0.0,0.0,refund,0.0
2025-03-30,2025-03-29,2025-02-02,2025-03-29,8725.410324,8884.972158913582,67365.66638503429,67365.66638503429,0.0,0.0,0.0,40301.57135115324,0.0,0.0,40301.571351153245,0.0,40301.571351153245,20681.12169722908,16608.102923333332,7947.0279111385435,0.0,0.0,refund,0.0
2025-03-31,2025-03-30,2025-02-03,2025-03-30,8884.972158913582,8761.03756551852,58268.23336210562,58268.23336210562,0.0,0.0,2369.997470272223,35443.07495959234,0.0,0.0,35443.07495959234,16115.503658777609,51558.578618369946,18384.6556736694,15003.112229727774,305.2979051028816,0.0,0.0,refund,0.0
2025-04-01,2025-03-31,2025-02-04,2025-03-31,8761.03756551852,8701.63762688889,71606.86106446502,71606.86106446502,0.0,0.0,0.0,42525.01758676131,0.0,0.0,42525.01758676131,0.0,42525.01758676131,19470.875350082293,15824.868978333332,7752.003176049388,0.0,0.0,refund,0.0
2025-04-02,2025-04-01,2025-02-05,2025-04-01,8701.63762688889,8672.45961757407,68050.05483012344,68050.05483012344,0.0,0.0,0.0,40700.42549225967,0.0,0.0,40700.42549225967,0.0,40700.42549225967,20510.638569211245,16639.877449444444,3743.9583103566515,0.0,0.0,refund,0.0
2025-04-03,2025-04-02,2025-02-06,2025-04-02,8672.45961757407,4203.74024121605,64084.765031117975,64084.765031117975,0.0,0.0,0.0,40051.63690410405,0.0,0.0,40051.63690410405,0.0,40051.63690410405,14450.322917901238,15726.609002222223,9497.520848772294,0.0,0.0,refund,0.0
2025-04-04,2025-04-03,2025-02-07,2025-04-03,4203.74024121605,4325.918977104938,27994.629397633747,27994.629397633747,0.0,0.0,0.0,14165.605428139268,0.0,0.0,14165.605428139268,0.0,14165.605428139268,14321.366376639231,11490.345902777779,18732.80667377229,0.0,0.0,refund,0.0
2025-04-05,2025-04-04,2025-02-08,2025-04-04,4325.918977104938,8775.687914006174,32824.102802272224,32824.102802272224,0.0,0.0,0.0,16174.310142915416,0.0,0.0,16174.310142915418,0.0,16174.310142915418,19294.89350458848,11624.071695505554,13109.166009855962,0.0,0.0,refund,0.0
2025-04-06,2025-04-05,2025-02-09,2025-04-05,8775.687914006174,8752.251648432099,65808.20425707132,65808.20425707132,0.0,0.0,0.0,38842.1886411718,0.0,0.0,38842.1886411718,0.0,38842.1886411718,20683.936759101514,16775.08141388889,7489.272645192034,0.0,0.0,refund,0.0
2025-04-07,2025-04-06,2025-02-10,2025-04-06,8752.251648432099,8645.793153018516,57654.685511786556,57654.685511786556,0.0,0.0,568.4184544555499,34321.14789624386,0.0,0.0,34321.14789624386,3965.2871382819158,38286.43503452578,20367.631736165975,16593.594352166667,1206.3472989094685,0.0,0.0,refund,0.0
2025-04-08,2025-04-07,2025-02-11,2025-04-07,8645.793153018516,8652.306817271608,67099.88601687929,67099.88601687929,0.0,0.0,0.0,40345.73594170214,0.0,0.0,40345.73594170214,0.0,40345.73594170214,19962.44622091221,16163.719141111109,8947.96532041152,0.0,0.0,refund,0.0
2025-04-09,2025-04-08,2025-02-12,2025-04-08,8652.306817271608,8762.70192182716,65478.65587268861,65478.65587268861,0.0,0.0,0.0,39091.89613284629,0.0,0.0,39091.8961328463,0.0,39091.8961328463,21342.605103827154,17188.154539999996,2189.894292194784,0.0,0.0,refund,0.0
2025-04-10,2025-04-09,2025-02-13,2025-04-09,8762.70192182716,4141.103106364195,58263.19265628258,58263.19265628258,0.0,0.0,0.0,36349.631527218036,0.0,0.0,36349.631527218036,0.0,36349.631527218036,15563.649884053495,16765.99534,5004.900212229082,0.0,0.0,refund,0.0
2025-04-11,2025-04-10,2025-02-14,2025-04-10,4141.103106364195,3760.0666912037022,26427.42738993066,26427.42738993066,0.0,0.0,206.80204655555605,13180.477062270369,0.0,0.0,13180.477062270369,844.7739530803353,14025.251015350705,14032.333211213994,11709.122674727776,18994.368733333333,0.0,0.0,refund,0.0
2025-04-12,2025-04-11,2025-02-15,2025-04-11,3760.0666912037022,9039.169990413584,33883.57887058985,33883.57887058985,0.0,0.0,0.0,16919.055280375287,0.0,0.0,16919.05528037529,0.0,16919.05528037529,18860.22499020576,10525.589272777777,16523.782603161864,0.0,0.0,refund,0.0
2025-04-13,2025-04-12,2025-02-16,2025-04-12,9039.169990413584,8940.113426339509,60918.1054239849,60918.1054239849,0.0,0.0,0.0,36207.34477392313,0.0,0.0,36207.34477392313,0.0,36207.34477392313,20401.689794375845,16614.519641111106,2854.576787386836,0.0,0.0,refund,0.0
2025-04-14,2025-04-13,2025-02-17,2025-04-13,8940.113426339509,8681.390226166666,64303.45410340878,64303.45410340878,0.0,0.0,32.8461799999983,38658.52510001879,0.0,0.0,38658.52510001879,229.13495167998812,38887.66005169878,19039.838581426608,15655.12013111111,8423.550033093274,0.0,0.0,refund,0.0
2025-04-15,2025-04-14,2025-02-18,2025-04-14,8681.390226166666,8747.928788166666,56468.071837565156,56468.071837565156,0.0,0.0,797.2962604444486,33536.2104846069,0.0,0.0,33536.2104846069,5547.423372428417,39083.63385703532,19836.549852976677,16007.720675111112,3297.1100868107023,0.0,0.0,refund,0.0
2025-04-16,2025-04-15,2025-02-19,2025-04-15,8747.928788166666,8565.48528874074,63004.74589585047,63004.74589585047,0.0,0.0,28.930378757478024,36895.64259258006,0.0,0.0,36895.642592580065,201.8183222121667,37097.46091479223,20052.5780310631,16406.787354644446,3608.293648189297,0.0,0.0,refund,0.0
2025-04-17,2025-04-16,2025-02-20,2025-04-16,8565.48528874074,3775.539423160494,50951.59136286008,50951.59136286008,0.0,0.0,442.51052657778536,32056.67728126276,0.0,0.0,32056.677281262757,3086.9534334066307,35143.63071466939,14496.99237786008,16053.515105088882,82.28226666666671,0.0,0.0,refund,0.0
2025-04-18,2025-04-17,2025-02-21,2025-04-17,3775.539423160494,3938.2964772962973,26535.571477543755,26535.571477543755,0.0,0.0,0.0,13256.250190983352,0.0,0.0,13256.250190983352,0.0,13256.250190983352,13342.293497407409,10660.77638417778,17499.937180980796,0.0,0.0,refund,0.0
2025-04-19,2025-04-18,2025-02-22,2025-04-18,3938.2964772962973,8836.49697435185,32058.756935211106,32058.756935211106,0.0,0.0,0.0,15317.264281259679,0.0,0.0,15317.264281259677,0.0,15317.264281259677,18908.92296834705,10907.847157011114,17273.00187387517,0.0,0.0,refund,0.0
2025-04-20,2025-04-19,2025-02-23,2025-04-19,8836.49697435185,9100.817484728397,57933.405713367625,57933.405713367625,0.0,0.0,0.0,34646.36812821534,0.0,0.0,34646.368128215334,0.0,34646.368128215334,20288.277830459534,16195.616583333336,1882.9995829080922,0.0,0.0,refund,0.0
2025-04-21,2025-04-20,2025-02-24,2025-04-20,9100.817484728397,8723.080400932098,61408.80908384774,61408.80908384774,0.0,0.0,0.0,36444.42642030162,0.0,0.0,36444.42642030162,0.0,36444.42642030162,18412.112498799717,15253.774499444447,9733.560701159126,0.0,0.0,refund,0.0
2025-04-22,2025-04-21,2025-02-25,2025-04-21,8723.080400932098,8549.465772240741,54790.84548954047,54790.84548954047,0.0,0.0,1021.8307864349765,32755.10953648591,0.0,0.0,32755.10953648591,7055.999092702366,39811.108629188275,18529.08821186557,15164.814617433338,295.4733648765407,0.0,0.0,refund,0.0
2025-04-23,2025-04-22,2025-02-26,2025-04-22,8549.465772240741,8689.828091351852,53133.73306513032,53133.73306513032,0.0,0.0,1999.72180963333,31850.000049746544,0.0,0.0,31850.000049746544,13625.07241884331,45475.07246858985,17563.07505735254,14099.764709255562,270.2278100000002,0.0,0.0,refund,0.0
2025-04-24,2025-04-23,2025-02-27,2025-04-23,8689.828091351852,3276.7580006851886,48534.714785253775,48534.714785253775,0.0,0.0,0.0,30114.752324734116,0.0,0.0,30114.75232473412,0.0,30114.75232473412,13102.472915034294,15484.766142777778,3826.901312997256,0.0,0.0,refund,0.0
2025-04-25,2025-04-24,2025-02-28,2025-04-24,3276.7580006851886,3169.4152486358057,25932.452062846984,25932.452062846984,0.0,0.0,0.0,13008.565614526146,0.0,0.0,13008.565614526146,0.0,13008.565614526146,12776.980298209877,10445.962518394446,21601.076633031545,0.0,0.0,refund,0.0
2025-04-26,2025-04-25,2025-03-01,2025-04-25,3169.4152486358057,8906.631001197535,32345.474463450002,32345.474463450002,0.0,0.0,0.0,15636.781878072678,0.0,0.0,15636.781878072678,0.0,15636.781878072678,19178.310553456788,10370.937370994447,23467.907647654323,0.0,0.0,refund,0.0
2025-04-27,2025-04-26,2025-03-02,2025-04-26,8906.631001197535,8667.96213988889,53639.30869793553,53639.30869793553,0.0,0.0,362.83492770000134,32108.895058289876,0.0,0.0,32108.895058289876,2531.1364556352096,34640.03151392509,19877.829700836766,16315.844032855555,1866.686774320981,0.0,0.0,refund,0.0
2025-04-28,2025-04-27,2025-03-03,2025-04-27,8667.96213988889,8901.514822172841,66017.07690348424,66017.07690348424,0.0,0.0,0.0,38677.65071728363,0.0,0.0,38677.65071728363,0.0,38677.65071728363,20053.08193436213,16032.798952777779,5374.8266052332065,0.0,0.0,refund,0.0
2025-04-29,2025-04-28,2025-03-04,2025-04-28,8901.514822172841,8924.3009595,55539.99700351166,55539.99700351166,0.0,0.0,354.47947804443965,33190.22555801975,0.0,0.0,33190.22555801975,2472.848838838011,35663.074396857766,18075.451687235938,14620.608343066671,5006.419420720162,0.0,0.0,refund,0.0
2025-04-30,2025-04-29,2025-03-05,2025-04-29,8924.3009595,8740.97050951852,52606.5745006111,52606.5745006111,0.0,0.0,0.0,31982.8051652416,0.0,0.0,31982.805165241603,0.0,31982.805165241603,18454.404515727023,15113.065062722224,1008.3806142729745,0.0,0.0,refund,0.0
2025-05-01,2025-04-30,2025-03-06,2025-04-30,8740.97050951852,1890.333938728394,48865.90450345679,48865.90450345679,0.0,0.0,1599.743656111113,30706.232010780113,0.0,0.0,30706.23201078011,10103.415323478903,40809.64733425901,12982.438684032919,16681.34824777778,3153.178923312762,0.0,0.0,refund,0.0
2025-05-02,2025-05-01,2025-03-07,2025-05-01,1890.333938728394,2166.4537123518508,28802.998618539095,28802.998618539095,0.0,0.0,1096.6517921,14535.248855417874,0.0,0.0,14535.248855417874,6170.346191647934,20705.59504706581,14088.030621735255,11162.797007344445,12684.09671291495,0.0,0.0,refund,0.0
2025-05-03,2025-05-02,2025-03-08,2025-05-02,2166.4537123518508,8379.859683592591,34243.49380476681,34243.49380476681,0.0,0.0,1458.8491405555524,16388.770214686345,0.0,0.0,16388.770214686345,8178.751047542203,24567.521262228547,19940.16288642661,10559.466563888891,17454.474972784636,0.0,0.0,refund,0.0
2025-05-04,2025-05-03,2025-03-09,2025-05-03,8379.859683592591,8209.303464407407,60255.65351048697,60255.65351048697,0.0,0.0,1331.0210388888904,35585.72645944389,0.0,0.0,35585.72645944389,8308.393170400286,43894.11962984418,17256.460973196154,14131.233985555553,6726.780228401929,0.0,0.0,refund,0.0
2025-05-05,2025-05-04,2025-03-10,2025-05-04,8209.303464407407,8247.803668925926,62428.55783510287,62428.55783510287,0.0,0.0,918.575419444443,37457.24162776753,0.0,0.0,37457.24162776753,5908.440920256101,43365.68254802363,19591.40693917695,15834.389436666668,4514.108952037033,0.0,0.0,refund,0.0
2025-05-06,2025-05-05,2025-03-11,2025-05-05,8247.803668925926,8056.609096407406,53262.888515850485,53262.888515850485,0.0,0.0,3079.1810246166538,32036.33596344376,0.0,0.0,32036.33596344376,18660.046706265748,50696.38266970951,19127.94018807271,15665.706667605567,9.753653333333546,0.0,0.0,refund,0.0
2025-05-07,2025-05-06,2025-03-12,2025-05-06,8056.609096407406,8229.161317611113,57165.5576090535,57165.5576090535,0.0,0.0,1955.584032299995,34520.12779490206,0.0,0.0,34520.12779490206,12898.190619819134,47418.31841472119,19720.985354053504,15818.701137700004,151.01147500000025,0.0,0.0,refund,0.0
2025-05-08,2025-05-07,2025-03-13,2025-05-07,8229.161317611113,2690.5902094781286,58495.096686700956,58495.096686700956,0.0,0.0,737.2489669333321,35400.95289633961,0.0,0.0,35400.95289633961,4524.02948571955,39924.982382059155,13273.588255905344,15736.320484603017,5868.565482331962,0.0,0.0,refund,0.0
2025-05-09,2025-05-08,2025-03-14,2025-05-08,2690.5902094781286,3043.6444884259263,27778.705442225946,27778.705442225946,0.0,0.0,748.0739438888876,14014.502714405337,0.0,0.0,14014.502714405335,4396.086532019713,18410.589246425046,13513.314213234176,10628.035661666665,17142.114984547326,0.0,0.0,refund,0.0
2025-05-10,2025-05-09,2025-03-15,2025-05-09,3043.6444884259263,8425.124880666666,33797.03778258643,33797.03778258643,0.0,0.0,689.9923729277773,16559.575496520345,0.0,0.0,16559.575496520345,4050.791164762509,20610.366661282857,18876.80287589849,10446.87797646111,13936.059972743482,0.0,0.0,refund,0.0
2025-05-11,2025-05-10,2025-03-16,2025-05-10,8425.124880666666,8441.897700314814,62715.480794403295,62715.480794403295,0.0,0.0,1002.4238512555537,36934.59706948518,0.0,0.0,36934.59706948518,6944.773233001415,43879.37030248659,18831.764722613174,15238.633887633336,4640.694727345673,0.0,0.0,refund,0.0
2025-05-12,2025-05-11,2025-03-17,2025-05-11,8441.897700314814,8676.020788629628,55222.80482734569,55222.80482734569,0.0,0.0,1183.4478777777763,33253.038638457074,0.0,0.0,33253.03863845708,8063.85890973638,41316.89754819346,17438.98300553498,13914.865455000003,950.9399212551465,0.0,0.0,refund,0.0
2025-05-13,2025-05-12,2025-03-18,2025-05-12,8676.020788629628,8715.2044575,64895.38579175583,64895.38579175583,0.0,0.0,621.6534788055593,38120.37857965209,0.0,0.0,38120.37857965209,4176.90035829358,42297.27893794567,17805.215954540465,14386.959621194443,8969.570170548695,0.0,0.0,refund,0.0
2025-05-14,2025-05-13,2025-03-19,2025-05-13,8715.2044575,8508.274995753087,62660.22664314958,62660.22664314958,0.0,0.0,0.0,37990.189841754545,0.0,0.0,37990.189841754545,0.0,37990.189841754545,18134.158638244175,14874.905012550002,6386.824234122083,0.0,0.0,refund,0.0
2025-05-15,2025-05-14,2025-03-20,2025-05-14,8508.274995753087,3171.478799506172,54733.27158660494,54733.27158660494,0.0,0.0,0.0,35481.549823612964,0.0,0.0,35481.549823612964,0.0,35481.549823612964,12660.377271659809,15058.022166666666,4365.858198278465,0.0,0.0,refund,0.0
2025-05-16,2025-05-15,2025-03-21,2025-05-15,3171.478799506172,2847.274276907407,27390.887947467767,27390.887947467767,0.0,0.0,0.0,14740.642815889329,0.0,0.0,14740.642815889329,0.0,14740.642815889329,12182.741131406034,10159.804386777776,22652.444669506174,0.0,0.0,refund,0.0
2025-05-17,2025-05-16,2025-03-22,2025-05-16,2847.274276907407,8780.186781419754,34637.67202133889,34637.67202133889,0.0,0.0,0.0,17657.828622762332,0.0,0.0,17657.828622762332,0.0,17657.828622762332,19128.38775919067,10154.372830883334,15214.858009698217,0.0,0.0,refund,0.0
2025-05-18,2025-05-17,2025-03-23,2025-05-17,8780.186781419754,9084.093729092592,66758.54399071331,66758.54399071331,0.0,0.0,5.2366666666667925,39841.90404534809,0.0,0.0,39841.90404534809,35.31869833333418,39877.22274368142,18685.065448717418,14861.386760555555,9263.93386921811,0.0,0.0,refund,0.0
2025-05-19,2025-05-18,2025-03-24,2025-05-18,9084.093729092592,8783.732023537037,59671.833978559676,59671.833978559676,0.0,0.0,67.00333333333344,35869.55425168605,0.0,0.0,35869.55425168606,451.90398166666745,36321.45823335272,17192.702499314128,14196.414559444444,9227.332822023318,0.0,0.0,refund,0.0
2025-05-20,2025-05-19,2025-03-25,2025-05-19,8783.732023537037,8731.253410561729,59633.79787563079,59633.79787563079,0.0,0.0,0.0,35994.74933064528,0.0,0.0,35994.749330645274,0.0,35994.749330645274,18599.64083866289,15112.939830994721,1619.7020512959516,0.0,0.0,refund,0.0
2025-05-21,2025-05-20,2025-03-26,2025-05-20,8731.253410561729,8607.984575574073,55796.15302826474,55796.15302826474,0.0,0.0,38.89006718175722,34523.79525005647,0.0,0.0,34523.79525005648,205.44659318660536,34729.241843243086,17685.417350631004,14436.1300055,1223.1404669821654,0.0,0.0,refund,0.0
2025-05-22,2025-05-21,2025-03-27,2025-05-21,8607.984575574073,3348.3500529259254,51977.561212037035,51977.561212037035,0.0,0.0,2.57000000000005,33567.11303649681,0.0,0.0,33567.11303649681,17.333365000000338,33584.44640149681,11817.028190198907,14305.463904444445,3651.936109615912,0.0,0.0,refund,0.0
2025-05-23,2025-05-22,2025-03-28,2025-05-22,3348.3500529259254,3327.1743119197567,27012.535480535393,27012.535480535393,0.0,0.0,0.0,14368.99054434897,0.0,0.0,14368.99054434897,0.0,14368.99054434897,12317.59686235254,9996.31162541111,18270.30136026063,0.0,0.0,refund,0.0
2025-05-24,2025-05-23,2025-03-29,2025-05-23,3327.1743119197567,9723.151565265434,34897.731662605554,34897.731662605554,0.0,0.0,0.0,18169.465261562786,0.0,0.0,18169.465261562786,0.0,18169.465261562786,19112.594398991772,9724.821935172224,21755.457815452675,0.0,0.0,refund,0.0
2025-05-25,2025-05-24,2025-03-30,2025-05-24,9723.151565265434,9310.860667148148,60399.780495274346,60399.780495274346,0.0,0.0,0.0,36622.59364482414,0.0,0.0,36622.59364482414,0.0,36622.59364482414,15986.21661114541,13319.897263333334,9188.450964128935,0.0,0.0,refund,0.0
2025-05-26,2025-05-25,2025-03-31,2025-05-25,9310.860667148148,8845.407940333333,58536.46910995885,58536.46910995885,0.0,0.0,210.06595866666726,36063.573160200496,0.0,0.0,36063.573160200496,1465.4201276586707,37528.993287859164,17888.26142246914,14908.399206333333,1186.8399024897076,0.0,0.0,refund,0.0
2025-05-27,2025-05-26,2025-04-01,2025-05-26,8845.407940333333,9191.386104407406,55728.27146492456,55728.27146492456,0.0,0.0,0.0,34712.775617940046,0.0,0.0,34712.775617940046,0.0,34712.775617940046,17767.219918930045,14080.067786666667,2650.7520326611793,0.0,0.0,refund,0.0
2025-05-28,2025-05-27,2025-04-02,2025-05-27,9191.386104407406,9470.311981314817,63948.62765404665,63948.62765404665,0.0,0.0,0.0,38420.17674942753,0.0,0.0,38420.17674942753,0.0,38420.17674942753,18256.545280240058,14536.768387777778,7955.026661584357,0.0,0.0,refund,0.0
2025-05-29,2025-05-28,2025-04-03,2025-05-28,9470.311981314817,3281.973076222221,55115.687298477365,55115.687298477365,0.0,0.0,17.817433333333497,34742.37255567802,0.0,0.0,34742.37255567802,119.77769558333443,34862.15025126135,11919.325999828528,15224.15907444444,4328.214306426611,0.0,0.0,refund,0.0
2025-05-30,2025-05-29,2025-04-04,2025-05-29,3281.973076222221,3851.706749703705,27929.067935549523,27929.067935549523,0.0,0.0,0.0,15295.776139423904,0.0,0.0,15295.776139423902,0.0,15295.776139423902,12710.260522990398,9782.550717488888,18405.124863381345,0.0,0.0,refund,0.0
2025-05-31,2025-05-30,2025-04-05,2025-05-30,3851.706749703705,9829.379909765432,36954.24855026667,36954.24855026667,0.0,0.0,0.0,19744.671423932043,0.0,0.0,19744.671423932043,0.0,19744.671423932043,18584.033619903974,9673.161388066665,19654.19476842936,0.0,0.0,refund,0.0
2025-06-01,2025-05-31,2025-04-06,2025-05-31,9829.379909765432,7780.912138777779,78199.42427210562,78199.42427210562,0.0,0.0,1155.8573611111128,48040.419699493104,0.0,0.0,48040.41969949311,7070.6216581944545,55111.041357687565,20263.07406515775,18256.710986666665,6124.092254725645,0.0,0.0,refund,0.0
2025-06-02,2025-06-01,2025-04-07,2025-06-01,7780.912138777779,7713.998595796296,81491.41994486284,81491.41994486284,0.0,0.0,1537.513338333335,50226.23315425409,0.0,0.0,50226.23315425409,9953.048486238346,60179.281640492445,20701.578326423558,16828.50063308642,10515.04813985902,0.0,0.0,refund,0.0
2025-06-03,2025-06-02,2025-04-08,2025-06-02,7713.998595796296,7933.69700088889,75481.94229783189,75481.94229783189,0.0,0.0,2075.482841111113,46037.24830492417,0.0,0.0,46037.24830492417,13486.804815066402,59524.05311999057,21226.867998326474,16996.034514061106,5134.224821344307,0.0,0.0,refund,0.0
2025-06-04,2025-06-03,2025-04-09,2025-06-03,7933.69700088889,7898.992887166666,85859.36537982167,85859.36537982167,0.0,0.0,927.0763302833316,53181.44546304816,0.0,0.0,53181.44546304816,5907.725698849857,59089.17116189802,19251.039596886145,15624.575775827778,13514.717072379968,0.0,0.0,refund,0.0
2025-06-05,2025-06-04,2025-04-10,2025-06-04,7898.992887166666,1560.7542911296289,67947.0765410965,67947.0765410965,0.0,0.0,2764.959525272226,42234.73643822185,0.0,0.0,42234.736438221844,18148.479049406356,60383.2154876282,16174.04833721536,18805.393889577772,2194.0636020644765,0.0,0.0,refund,0.0
2025-06-06,2025-06-05,2025-04-11,2025-06-05,1560.7542911296289,1950.449848969135,35102.93342185872,35102.93342185872,0.0,0.0,1578.604426570779,19693.443318676065,0.0,0.0,19693.44331867607,8874.721527866357,28568.164846542426,14937.104448751712,11748.328601433332,2637.7666011111132,0.0,0.0,refund,0.0
2025-06-07,2025-06-06,2025-04-12,2025-06-06,1950.449848969135,8074.991666962962,46620.06392465706,46620.06392465706,0.0,0.0,1255.0864225055564,23969.97412804183,0.0,0.0,23969.97412804183,8581.113017657475,32551.087145699308,20646.56832828532,11211.632709716667,7313.701561927293,0.0,0.0,refund,0.0
2025-06-08,2025-06-07,2025-04-13,2025-06-07,8074.991666962962,8405.154181944441,75838.70513822036,75838.70513822036,0.0,0.0,915.5213394555561,46449.95142836774,0.0,0.0,46449.951428367734,6351.121178669665,52801.0726070374,18281.5195000823,14510.884531583331,7798.668242510294,0.0,0.0,refund,0.0
2025-06-09,2025-06-08,2025-04-14,2025-06-08,8405.154181944441,8564.298466425926,84216.00393346364,84216.00393346364,0.0,0.0,94.39153333333354,52922.03364497282,0.0,0.0,52922.03364497283,636.5222218333347,53558.55586680616,20272.60623447188,16277.58119388889,9382.657692880655,0.0,0.0,refund,0.0
2025-06-10,2025-06-09,2025-04-15,2025-06-09,8564.298466425926,8678.554708462965,78456.26751739177,78456.26751739177,0.0,0.0,9.518935000000283,48602.548479863246,0.0,0.0,48602.54847986324,64.31577032416858,48666.864250187406,22468.640608353908,18096.768274933333,2475.4698856378627,0.0,0.0,refund,0.0
2025-06-11,2025-06-10,2025-04-16,2025-06-10,8678.554708462965,8878.51760488889,83928.59128398003,83928.59128398003,0.0,0.0,133.25518537777936,53166.91433788969,0.0,0.0,53166.91433788969,741.5280041159854,53908.44234200567,23633.83277807955,18963.43794346111,3307.005318072704,0.0,0.0,refund,0.0
2025-06-12,2025-06-11,2025-04-17,2025-06-11,8878.51760488889,3438.6579984691375,75768.03542975307,75768.03542975307,0.0,0.0,0.0,48916.95251458542,0.0,0.0,48916.95251458541,0.0,48916.95251458541,14714.433847462285,16814.565062222224,5415.775211179685,0.0,0.0,refund,0.0
2025-06-13,2025-06-12,2025-04-18,2025-06-12,3438.6579984691375,3377.580139259259,35429.07987146776,35429.07987146776,0.0,0.0,0.0,20414.428974534647,0.0,0.0,20414.428974534647,0.0,20414.428974534647,13386.39194518518,10897.94754888889,4595.321775171469,0.0,0.0,refund,0.0
2025-06-14,2025-06-13,2025-04-19,2025-06-13,3377.580139259259,9119.88055417901,42685.18146332647,42685.18146332647,0.0,0.0,0.0,23727.48392689379,0.0,0.0,23727.48392689379,0.0,23727.48392689379,19057.845050185184,10268.784117222223,7702.777780363515,0.0,0.0,refund,0.0
2025-06-15,2025-06-14,2025-04-20,2025-06-14,9119.88055417901,9897.225813074076,78499.0395777915,78499.0395777915,0.0,0.0,0.0,49214.25224685978,0.0,0.0,49214.25224685979,0.0,49214.25224685979,22937.52455377915,17879.784155555553,2814.32484623457,0.0,0.0,refund,0.0
2025-06-16,2025-06-15,2025-04-21,2025-06-15,9897.225813074076,9645.825654777778,81021.41118929615,81021.41118929615,0.0,0.0,230.3048316777817,51060.24778693703,0.0,0.0,51060.24778693703,1138.9559225706798,52199.2037095077,22436.380409163234,18399.728273888883,4521.011069032922,0.0,0.0,refund,0.0
2025-06-17,2025-06-16,2025-04-22,2025-06-16,9645.825654777778,9476.206022277776,82987.7335257956,82987.7335257956,0.0,0.0,18.42167500000005,52332.58038467364,0.0,0.0,52332.58038467364,124.18972201250034,52456.77010668614,22333.747727949245,18242.993328888886,4278.38958506858,0.0,0.0,refund,0.0
2025-06-18,2025-06-17,2025-04-23,2025-06-17,9476.206022277776,9764.255594907407,84013.28589806583,84013.28589806583,0.0,0.0,0.0,52711.86531570161,0.0,0.0,52711.86531570161,0.0,52711.86531570161,20294.375243251023,16179.199331666669,8969.719086481484,0.0,0.0,refund,0.0
2025-06-19,2025-06-18,2025-04-24,2025-06-18,9764.255594907407,3984.8301169366728,72726.6181158642,72726.6181158642,0.0,0.0,30.32339166666668,46883.08257514554,0.0,0.0,46883.08257514555,204.42514492083342,47087.50772006638,13109.419155884772,15820.112446440326,7208.130598086422,0.0,0.0,refund,0.0
2025-06-20,2025-06-19,2025-04-25,2025-06-19,3984.8301169366728,4710.230432746914,36210.27439092297,36210.27439092297,0.0,0.0,0.0,21806.084310389968,0.0,0.0,21806.084310389968,0.0,21806.084310389968,12803.22195888203,9717.749502465227,10724.22108450617,0.0,0.0,refund,0.0
2025-06-21,2025-06-20,2025-04-26,2025-06-20,4710.230432746914,10562.475977345683,41838.79078663889,41838.79078663889,0.0,0.0,0.0,23772.230800613503,0.0,0.0,23772.2308006135,0.0,23772.2308006135,19422.498833539095,10465.203065027774,13546.754618127574,0.0,0.0,refund,0.0
2025-06-22,2025-06-21,2025-04-27,2025-06-21,10562.475977345683,10124.852638907409,77362.97919266802,77362.97919266802,0.0,0.0,0.0,48274.99497850243,0.0,0.0,48274.99497850242,0.0,48274.99497850242,19671.063847551435,16327.42272111111,6561.9969662277,0.0,0.0,refund,0.0
2025-06-23,2025-06-22,2025-04-28,2025-06-22,10124.852638907409,10063.282098407408,78821.0771644662,78821.0771644662,0.0,0.0,0.0,50252.80672476918,0.0,0.0,50252.80672476918,0.0,50252.80672476918,19642.3003585871,15965.676776905555,8083.167582784641,0.0,0.0,refund,0.0
2025-06-24,2025-06-23,2025-04-29,2025-06-23,10063.282098407408,10114.880735462963,90222.17956010287,90222.17956010287,0.0,0.0,0.0,57863.831686955586,0.0,0.0,57863.831686955586,0.0,57863.831686955586,21593.11746709876,17443.986375,9804.256218004115,0.0,0.0,refund,0.0
2025-06-25,2025-06-24,2025-04-30,2025-06-24,10114.880735462963,10143.124231111113,81137.36194888203,81137.36194888203,0.0,0.0,0.0,50787.548090103526,0.0,0.0,50787.548090103526,0.0,50787.548090103526,19616.082369650194,15863.607573333331,6947.465785898497,0.0,0.0,refund,0.0
2025-06-26,2025-06-25,2025-05-01,2025-06-25,10143.124231111113,4212.836325216052,70851.85563837449,70851.85563837449,0.0,0.0,0.0,46615.180498050766,0.0,0.0,46615.180498050766,0.0,46615.180498050766,12852.811762997255,15748.036643333333,6199.696685377228,0.0,0.0,refund,0.0
2025-06-27,2025-06-26,2025-05-02,2025-06-26,4212.836325216052,5204.135692790122,37722.17235133848,37722.17235133848,0.0,0.0,0.0,22755.20605122006,0.0,0.0,22755.20605122006,0.0,22755.20605122006,12573.628721858708,9292.469833888888,14669.36759670199,0.0,0.0,refund,0.0
2025-06-28,2025-06-27,2025-05-03,2025-06-27,5204.135692790122,10724.342689296294,42224.39916259999,42224.39916259999,0.0,0.0,0.0,24311.39366532259,0.0,0.0,24311.39366532259,0.0,24311.39366532259,19508.221268628255,10833.472930733333,11772.724708038411,0.0,0.0,refund,0.0
2025-06-29,2025-06-28,2025-05-04,2025-06-28,10724.342689296294,9647.1732417883,75860.61297096708,75860.61297096708,0.0,0.0,0.0,47692.04467537093,0.0,0.0,47692.04467537093,0.0,47692.04467537093,18411.140499314126,15882.476307201641,4064.180245521267,0.0,0.0,refund,0.0
2025-06-30,2025-06-29,2025-05-05,2025-06-29,9647.1732417883,10045.562193259258,83418.83975257404,83418.83975257404,0.0,0.0,0.0,52826.05273565806,0.0,0.0,52826.05273565805,0.0,52826.05273565805,19528.552383664577,15459.577374444443,9472.180760020576,0.0,0.0,refund,0.0
2025-07-01,2025-06-30,2025-05-06,2025-06-30,10045.562193259258,8061.7476792222205,73248.37583874486,73248.37583874486,0.0,0.0,7106.800819165835,45952.878459299835,0.0,0.0,45952.878459299835,43860.5074424622,89813.38590176204,17163.222915144033,15687.643623900005,13.05333333333374,0.0,0.0,refund,0.0
2025-07-02,2025-07-01,2025-05-07,2025-07-01,8061.7476792222205,7999.647356907408,71239.18236844309,71239.18236844309,0.0,0.0,5033.81024545555,44890.292808011916,0.0,0.0,44890.292808011916,32132.746714282588,77023.03952229451,17968.18879288752,14610.123212322227,10.160666666666657,0.0,0.0,refund,0.0
2025-07-03,2025-07-02,2025-05-08,2025-07-02,7999.647356907408,2019.3870279691355,73781.42580636489,73781.42580636489,0.0,0.0,3798.145624027785,47397.15459547595,0.0,0.0,47397.15459547595,21836.269085352782,69233.42368082872,15962.31325025377,18311.708028749996,168.54727555555587,0.0,0.0,refund,0.0
2025-07-04,2025-07-03,2025-05-09,2025-07-03,2019.3870279691355,1955.7578965679018,36643.215673120714,36643.215673120714,0.0,0.0,4458.409360416668,21109.85277096723,0.0,0.0,21109.85277096723,20369.611043982546,41479.46381494978,13247.548693676265,10787.780660138887,9760.989533333337,0.0,0.0,refund,0.0
2025-07-05,2025-07-04,2025-05-10,2025-07-04,1955.7578965679018,8135.356376907408,44714.11064288066,44714.11064288066,0.0,0.0,3819.989821277774,24673.46294077412,0.0,0.0,24673.46294077412,19285.51230300027,43958.97524377439,20018.652316769545,10653.469744277778,10378.837924999998,0.0,0.0,refund,0.0
2025-07-06,2025-07-05,2025-05-11,2025-07-05,8135.356376907408,8058.151703666667,74884.90456226372,74884.90456226372,0.0,0.0,8420.478377483334,47349.85304047553,0.0,0.0,47349.85304047554,53762.54294848614,101112.39598896168,18183.744167235942,14798.316981377777,125.97420388888918,0.0,0.0,refund,0.0
2025-07-07,2025-07-06,2025-05-12,2025-07-06,8058.151703666667,8137.535865666667,76201.35029071331,76201.35029071331,0.0,0.0,1954.836279183341,47788.83659139782,0.0,0.0,47788.83659139781,11838.574417382431,59627.41100878025,21041.954571268856,16972.53745692777,677.2866888888869,0.0,0.0,refund,0.0
2025-07-08,2025-07-07,2025-05-13,2025-07-07,8137.535865666667,8970.48554354321,86479.73204189815,86479.73204189815,0.0,0.0,69.09558666666669,54619.69854924931,0.0,0.0,54619.69854924931,470.98207558666684,55090.68062483597,21740.033447469137,16859.77238236111,6097.179546790121,0.0,0.0,refund,0.0
2025-07-09,2025-07-08,2025-05-14,2025-07-08,8970.48554354321,8876.991041512343,85822.21582513387,85822.21582513387,0.0,0.0,76.42593166666643,53909.54333249191,0.0,0.0,53909.54333249191,515.3312823583318,54424.87461485024,20754.335099993143,16895.15648282222,7980.738122962964,0.0,0.0,refund,0.0
2025-07-10,2025-07-09,2025-05-15,2025-07-09,8876.991041512343,3353.0995430061753,72556.73999144032,72556.73999144032,0.0,0.0,49.65599999999995,47630.72409566593,0.0,0.0,47630.72409566593,334.57315241666635,47965.2972480826,15714.510169012348,17700.255585555555,1738.5180246502036,0.0,0.0,refund,0.0
2025-07-11,2025-07-10,2025-05-16,2025-07-10,3353.0995430061753,3417.158957765432,43001.11239381344,43001.11239381344,0.0,0.0,168.24547481110898,26021.009256257254,0.0,0.0,26021.00925625725,659.944429713747,26680.953685970995,13846.989291666665,11158.407852966668,7961.999279924549,0.0,0.0,refund,0.0
2025-07-12,2025-07-11,2025-05-17,2025-07-11,3417.158957765432,8925.243971018519,48117.10778382716,48117.10778382716,0.0,0.0,0.0,27568.58636597952,0.0,0.0,27568.586365979525,0.0,27568.586365979525,19866.613573710565,11134.680482777778,8300.93135956104,0.0,0.0,refund,0.0
2025-07-13,2025-07-12,2025-05-18,2025-07-12,8925.243971018519,9131.872735722225,84944.39735601508,84944.39735601508,0.0,0.0,88.08293000000026,54582.450711671256,0.0,0.0,54582.450711671256,593.1913280016685,55175.64203967292,19848.916843497947,15891.656754999998,11807.49979751714,0.0,0.0,refund,0.0
2025-07-14,2025-07-13,2025-05-19,2025-07-13,9131.872735722225,8845.160474425926,80694.15902473938,80694.15902473938,0.0,0.0,304.0947929888898,50343.4724373105,0.0,0.0,50343.4724373105,2113.6681107246623,52457.14054803516,19247.7118836214,15848.687660899997,5791.550378340189,0.0,0.0,refund,0.0
2025-07-15,2025-07-14,2025-05-20,2025-07-14,8845.160474425926,10212.403715808645,89146.50009150205,89146.50009150205,0.0,0.0,0.0,56205.109384613,0.0,0.0,56205.109384613,0.0,56205.109384613,20150.198085761316,15091.141532222222,11338.392954629631,0.0,0.0,refund,0.0
2025-07-16,2025-07-15,2025-05-21,2025-07-15,10212.403715808645,10028.603062234568,83902.40184880658,83902.40184880658,0.0,0.0,0.0,54089.048283062235,0.0,0.0,54089.048283062235,0.0,54089.048283062235,18134.925353367624,14854.710124444446,8487.623236550062,0.0,0.0,refund,0.0
2025-07-17,2025-07-16,2025-05-22,2025-07-16,10028.603062234568,4669.74880617284,76251.05984776406,76251.05984776406,0.0,0.0,0.0,50012.68416003113,0.0,0.0,50012.68416003112,0.0,50012.68416003112,14219.208340315501,16340.527586111111,5651.963026893005,0.0,0.0,refund,0.0
2025-07-18,2025-07-17,2025-05-23,2025-07-17,4669.74880617284,5021.254289209878,46354.604861310014,46354.604861310014,0.0,0.0,0.0,28716.77433288626,0.0,0.0,28716.77433288626,0.0,28716.77433288626,13152.69148389575,10337.325167222223,12264.990444636489,0.0,0.0,refund,0.0
2025-07-19,2025-07-18,2025-05-24,2025-07-18,5021.254289209878,9763.53333980864,52411.00643846968,52411.00643846968,0.0,0.0,0.0,31523.79525322235,0.0,0.0,31523.79525322235,0.0,31523.79525322235,18937.547753422492,11071.362534733336,17362.002169780524,0.0,0.0,refund,0.0
2025-07-20,2025-07-19,2025-05-25,2025-07-19,9763.53333980864,10041.742679512348,88266.04549191345,88266.04549191345,0.0,0.0,0.0,55785.13198734007,0.0,0.0,55785.13198734007,0.0,55785.13198734007,18667.441807777777,14870.239458566663,12378.864926035663,0.0,0.0,refund,0.0
2025-07-21,2025-07-20,2025-05-26,2025-07-20,10041.742679512348,10202.841688623457,88966.48919187515,88966.48919187515,0.0,0.0,0.0,56794.014606091,0.0,0.0,56794.014606091,0.0,56794.014606091,19150.76532809328,15367.130807555553,11193.105321337442,0.0,0.0,refund,0.0
2025-07-22,2025-07-21,2025-05-27,2025-07-21,10202.841688623457,10555.621442956792,87273.72978673868,87273.72978673868,0.0,0.0,0.0,56057.42843308773,0.0,0.0,56057.42843308773,0.0,56057.42843308773,19637.65800310014,15589.001203611111,9429.92837058299,0.0,0.0,refund,0.0
2025-07-23,2025-07-22,2025-05-28,2025-07-22,10555.621442956792,10383.745127734568,97012.22213162552,97012.22213162552,0.0,0.0,0.0,62971.75892701017,0.0,0.0,62971.75892701017,0.0,62971.75892701017,17593.953189533604,14405.790767222225,19607.512592647465,0.0,0.0,refund,0.0
2025-07-24,2025-07-23,2025-05-29,2025-07-23,10383.745127734568,6210.904081450616,90365.50681664608,90365.50681664608,0.0,0.0,0.0,60070.71282854295,0.0,0.0,60070.71282854295,0.0,60070.71282854295,12516.592075459532,13893.99652277778,18126.439263964334,0.0,0.0,refund,0.0
2025-07-25,2025-07-24,2025-05-30,2025-07-24,6210.904081450616,6012.0729171604935,44674.15614432819,44674.15614432819,0.0,0.0,0.0,27774.28280170996,0.0,0.0,27774.282801709964,0.0,27774.282801709964,14109.224176165982,11607.419630555556,15667.032032051098,0.0,0.0,refund,0.0
2025-07-26,2025-07-25,2025-05-31,2025-07-25,6012.0729171604935,10475.5836818642,51084.1164981701,51084.1164981701,0.0,0.0,0.0,30280.63471777282,0.0,0.0,30280.63471777282,0.0,30280.63471777282,19062.072025253772,11423.11865222222,14976.071558471875,0.0,0.0,refund,0.0
2025-07-27,2025-07-26,2025-06-01,2025-07-26,10475.5836818642,10686.375780567905,88200.71743570644,88200.71743570644,0.0,0.0,0.0,56531.74469867439,0.0,0.0,56531.74469867439,0.0,56531.74469867439,19172.524342866942,15340.031828888888,10683.035121728386,0.0,0.0,refund,0.0
2025-07-28,2025-07-27,2025-06-02,2025-07-27,10686.375780567905,10621.32838777778,91086.45612783366,91086.45612783366,0.0,0.0,0.0,58539.779384201356,0.0,0.0,58539.779384201356,0.0,58539.779384201356,19687.559644396428,16005.46596547222,9449.485215576131,0.0,0.0,refund,0.0
2025-07-29,2025-07-28,2025-06-03,2025-07-28,10621.32838777778,10676.309814759261,89214.84140547873,89214.84140547873,0.0,0.0,0.0,57273.33576339099,0.0,0.0,57273.335763391,0.0,57273.335763391,19416.15410556242,15677.601541222222,9407.04289113854,0.0,0.0,refund,0.0
2025-07-30,2025-07-29,2025-06-04,2025-07-29,10676.309814759261,10800.0,82030.13407672838,82030.13407672838,0.0,0.0,0.0,52792.9316191043,0.0,0.0,52792.931619104296,0.0,52792.931619104296,19847.89311117283,15965.472253333333,4044.459168888892,0.0,0.0,refund,0.0
2025-07-31,2025-07-30,2025-06-05,2025-07-30,10800.0,6369.770223969139,80753.79050697183,80753.79050697183,0.0,0.0,0.0,52844.03933841002,0.0,0.0,52844.03933841001,0.0,52844.03933841001,15110.942747969817,16227.07042428333,7174.921916618661,0.0,0.0,refund,0.0
2025-08-01,2025-07-31,2025-06-06,2025-07-31,6369.770223969139,6294.491667919753,44819.21709459074,44819.21709459074,0.0,0.0,0.0,27859.961403776513,0.0,0.0,27859.961403776513,0.0,27859.961403776513,14262.02440811386,11619.99047101667,20925.823490826882,0.0,0.0,refund,0.0
2025-08-02,2025-08-01,2025-06-07,2025-08-01,6294.491667919753,10713.319531777779,52089.332079496504,52089.332079496504,0.0,0.0,0.0,31280.22718378003,0.0,0.0,31280.22718378003,0.0,31280.22718378003,18845.281755871056,11287.733144783333,23604.75853507545,0.0,0.0,refund,0.0
2025-08-03,2025-08-02,2025-06-08,2025-08-02,10713.319531777779,10014.348158240744,74810.08240381084,74810.08240381084,0.0,0.0,0.0,48348.547186183874,0.0,0.0,48348.547186183874,0.0,48348.547186183874,17448.694932681756,14762.517131655553,9284.424619451298,0.0,0.0,refund,0.0
2025-08-04,2025-08-03,2025-06-09,2025-08-03,10014.348158240744,10620.001514703703,80916.72875965707,80916.72875965707,0.0,0.0,0.0,52306.48997116514,0.0,0.0,52306.48997116514,0.0,52306.48997116514,17735.6031697325,13820.750546666666,11586.221053257896,0.0,0.0,refund,0.0
2025-08-05,2025-08-04,2025-06-10,2025-08-04,10620.001514703703,10533.761443623458,78633.99612010288,78633.99612010288,0.0,0.0,0.0,50752.667510648775,0.0,0.0,50752.667510648775,0.0,50752.667510648775,17354.247170679017,14134.556272222222,10261.995488312747,0.0,0.0,refund,0.0
2025-08-06,2025-08-05,2025-06-11,2025-08-05,10533.761443623458,10464.849147419753,86453.74690306584,86453.74690306584,0.0,0.0,0.0,56544.70978785768,0.0,0.0,56544.70978785768,0.0,56544.70978785768,17487.747725068584,14227.096723888888,15078.696635219478,0.0,0.0,refund,0.0
2025-08-07,2025-08-06,2025-06-12,2025-08-06,10464.849147419753,5486.886099734569,81902.17605027434,81902.17605027434,0.0,0.0,0.0,53297.16580409451,0.0,0.0,53297.16580409451,0.0,53297.16580409451,10708.72482013031,13154.23384722222,20959.699827366258,0.0,0.0,refund,0.0
2025-08-08,2025-08-07,2025-06-13,2025-08-07,5486.886099734569,5634.510032450621,43660.006914683334,43660.006914683334,0.0,0.0,0.0,26547.87304707586,0.0,0.0,26547.87304707586,0.0,26547.87304707586,13233.440154026066,10586.224985316667,25237.620495973933,0.0,0.0,refund,0.0
2025-08-09,2025-08-08,2025-06-14,2025-08-08,5634.510032450621,10508.63167469136,49505.648182461104,49505.648182461104,0.0,0.0,0.0,29220.64412802758,0.0,0.0,29220.64412802758,0.0,29220.64412802758,18764.17114540466,10812.269149761114,22631.81718681756,0.0,0.0,refund,0.0
2025-08-10,2025-08-09,2025-06-15,2025-08-09,10508.63167469136,10304.144711074076,81219.73544758573,81219.73544758573,0.0,0.0,0.0,52712.674121270604,0.0,0.0,52712.674121270604,0.0,52712.674121270604,16714.55930791495,13722.831306666667,12923.388396337452,0.0,0.0,refund,0.0
2025-08-11,2025-08-10,2025-06-16,2025-08-10,10304.144711074076,10121.404454185185,79785.16672816186,79785.16672816186,0.0,0.0,0.0,50594.78146874876,0.0,0.0,50594.781468748755,0.0,50594.781468748755,18255.354634320985,14951.303485,11919.862245507544,0.0,0.0,refund,0.0
2025-08-12,2025-08-11,2025-06-17,2025-08-11,10121.404454185185,10135.131397500001,85900.75263347737,85900.75263347737,0.0,0.0,0.0,54557.62060247054,0.0,0.0,54557.620602470546,0.0,54557.620602470546,17300.098544698212,14000.725572222222,14840.836011001375,0.0,0.0,refund,0.0
2025-08-13,2025-08-12,2025-06-18,2025-08-12,10135.131397500001,10315.257993388892,78129.54189030864,78129.54189030864,0.0,0.0,0.0,49520.68930171749,0.0,0.0,49520.68930171749,0.0,49520.68930171749,17626.570146323727,14115.407882222222,8497.400176207131,0.0,0.0,refund,0.0
2025-08-14,2025-08-13,2025-06-19,2025-08-13,10315.257993388892,5039.153792395066,73355.9412618107,73355.9412618107,0.0,0.0,0.0,48621.81894834604,0.0,0.0,48621.81894834604,0.0,48621.81894834604,13534.778196426607,15711.66412,9606.536202050756,0.0,0.0,refund,0.0
2025-08-15,2025-08-14,2025-06-20,2025-08-14,5039.153792395066,5056.2816672839535,44857.286483593416,44857.286483593416,0.0,0.0,0.0,27678.54173307534,0.0,0.0,27678.54173307534,0.0,27678.54173307534,13300.409213991768,10757.916375933335,25155.06676220164,0.0,0.0,refund,0.0
2025-08-16,2025-08-15,2025-06-21,2025-08-15,5056.2816672839535,10252.386632555552,52251.51002675583,52251.51002675583,0.0,0.0,0.0,31606.72313833696,0.0,0.0,31606.723138336958,0.0,31606.723138336958,19520.27597170096,11134.929068333335,26936.88275672154,0.0,0.0,refund,0.0
2025-08-17,2025-08-16,2025-06-22,2025-08-16,10252.386632555552,10167.389661320984,83286.16153195995,83286.16153195995,0.0,0.0,0.0,52644.80604786639,0.0,0.0,52644.80604786639,0.0,52644.80604786639,17695.41190578875,14409.7809178,16835.136927304527,0.0,0.0,refund,0.0
2025-08-18,2025-08-17,2025-06-23,2025-08-17,10167.389661320984,10021.348458,80589.17597587107,80589.17597587107,0.0,0.0,0.0,51933.016667196905,0.0,0.0,51933.016667196905,0.0,51933.016667196905,18033.752409890265,14738.776534999997,12900.08448431413,0.0,0.0,refund,0.0
2025-08-19,2025-08-18,2025-06-24,2025-08-18,10021.348458,9924.825100537038,79286.71193520576,79286.71193520576,0.0,0.0,4.538833333333173,50817.699073251875,0.0,0.0,50817.699073251875,30.59854491666559,50848.297618168544,17319.642892942386,14115.781764999998,11769.729590596711,0.0,0.0,refund,0.0
2025-08-20,2025-08-19,2025-06-25,2025-08-19,9924.825100537038,9940.398657629628,88407.92687529656,88407.92687529656,0.0,0.0,0.0,55967.43589743228,0.0,0.0,55967.43589743228,0.0,55967.43589743228,19786.06739948559,16012.698392200004,13983.866801344313,0.0,0.0,refund,0.0
2025-08-21,2025-08-20,2025-06-26,2025-08-20,9940.398657629628,5516.779659524693,78529.9943744033,78529.9943744033,0.0,0.0,0.0,50949.06917738395,0.0,0.0,50949.06917738396,0.0,50949.06917738396,12434.835360816181,14053.473740555553,14304.214270809342,0.0,0.0,refund,0.0
2025-08-22,2025-08-21,2025-06-27,2025-08-21,5516.779659524693,5329.788072962961,44306.775166496365,44306.775166496365,0.0,0.0,0.0,27241.888226966028,0.0,0.0,27241.888226966028,0.0,27241.888226966028,14020.625485048009,11524.999070794445,20580.5793522428,0.0,0.0,refund,0.0
2025-08-23,2025-08-22,2025-06-28,2025-08-22,5329.788072962961,10055.749336172841,48488.438197111114,48488.438197111114,0.0,0.0,0.0,28146.044505677924,0.0,0.0,28146.044505677924,0.0,28146.044505677924,18296.097866666667,10566.47413511111,18228.808315555558,0.0,0.0,refund,0.0
2025-08-24,2025-08-23,2025-06-29,2025-08-23,10055.749336172841,10356.592463925928,78828.78022917696,78828.78022917696,0.0,0.0,0.0,51281.453952168464,0.0,0.0,51281.453952168464,0.0,51281.453952168464,18899.998927956098,15038.240316666666,11233.432134554192,0.0,0.0,refund,0.0
2025-08-25,2025-08-24,2025-06-30,2025-08-24,10356.592463925928,10231.960161111112,100381.552658834,100381.552658834,0.0,0.0,0.0,64835.920798250525,0.0,0.0,64835.92079825052,0.0,64835.92079825052,16578.21616971193,13540.524169999997,26570.773642455424,0.0,0.0,refund,0.0
2025-08-26,2025-08-25,2025-07-01,2025-08-25,10231.960161111112,10377.514342240744,78837.34139131002,78837.34139131002,0.0,0.0,0.0,51339.60403810932,0.0,0.0,51339.60403810932,0.0,51339.60403810932,18834.66531236625,15125.080139999998,9598.93783561043,0.0,0.0,refund,0.0
2025-08-27,2025-08-26,2025-07-02,2025-08-26,10377.514342240744,9982.605879611116,79379.82130587776,79379.82130587776,0.0,0.0,0.0,51464.3084288041,0.0,0.0,51464.30842880409,0.0,51464.30842880409,18079.91043727023,15000.145070555554,8385.907072496428,0.0,0.0,refund,0.0
2025-08-28,2025-08-27,2025-07-03,2025-08-27,9982.605879611116,5433.887744635806,73137.29249961591,73137.29249961591,0.0,0.0,0.0,47568.30744187899,0.0,0.0,47568.30744187899,0.0,47568.30744187899,14781.825766351161,16067.125192222225,3654.7969421536336,0.0,0.0,refund,0.0
2025-08-29,2025-08-28,2025-07-04,2025-08-28,5433.887744635806,5437.975962320987,45547.387655575374,45547.387655575374,0.0,0.0,0.0,27981.045831387826,0.0,0.0,27981.045831387826,0.0,27981.045831387826,13951.936709163236,11297.389338505558,20337.619934917697,0.0,0.0,refund,0.0
2025-08-30,2025-08-29,2025-07-05,2025-08-29,5437.975962320987,9681.704949530867,49502.491867779434,49502.491867779434,0.0,0.0,0.0,29270.86137432453,0.0,0.0,29270.861374324526,0.0,29270.861374324526,18200.20371141289,10922.808917755552,23712.37724078876,0.0,0.0,refund,0.0
2025-08-31,2025-08-30,2025-07-06,2025-08-30,9681.704949530867,9961.148262314813,76725.15240265563,76725.15240265563,0.0,0.0,0.0,49580.616144346895,0.0,0.0,49580.616144346895,0.0,49580.616144346895,20251.00410337448,16151.814342227775,5979.339558175588,0.0,0.0,refund,0.0
2025-09-01,2025-08-31,2025-07-07,2025-08-31,9961.148262314813,10800.0,85997.93991731132,85997.93991731132,0.0,0.0,0.0,54509.79509883925,0.0,0.0,54509.79509883925,0.0,54509.79509883925,14803.132952853217,11235.571127894442,28856.24355901921,0.0,0.0,refund,0.0
2025-09-02,2025-09-01,2025-07-08,2025-09-01,10800.0,10800.0,74846.9441612963,74846.9441612963,0.0,0.0,0.0,47888.325259596895,0.0,0.0,47888.32525959689,0.0,47888.32525959689,17128.18826406035,13873.832493888889,17534.832541124833,0.0,0.0,refund,0.0
2025-09-03,2025-09-02,2025-07-09,2025-09-02,10800.0,10800.0,79270.91973016462,79270.91973016462,0.0,0.0,0.0,50721.6440129291,0.0,0.0,50721.64401292909,0.0,50721.64401292909,15705.72842798354,12721.640026666668,20739.114078847735,0.0,0.0,refund,0.0
2025-09-04,2025-09-03,2025-07-10,2025-09-03,10800.0,8257.841060388888,71849.67699218106,71849.67699218106,0.0,0.0,0.0,48030.61690458902,0.0,0.0,48030.61690458901,0.0,48030.61690458901,14375.902558868307,13932.424118333332,17480.633001646092,0.0,0.0,refund,0.0
2025-09-05,2025-09-04,2025-07-11,2025-09-04,8257.841060388888,8217.92290488889,39222.80879797511,39222.80879797511,0.0,0.0,0.0,24415.20144222654,0.0,0.0,24415.20144222654,0.0,24415.20144222654,14654.164433415635,11905.799531016663,29650.182228909467,0.0,0.0,refund,0.0
2025-09-06,2025-09-05,2025-07-12,2025-09-05,8217.92290488889,10800.0,44565.1742506,44565.1742506,0.0,0.0,0.0,26465.516211070903,0.0,0.0,26465.516211070903,0.0,26465.516211070903,17442.254007544583,11804.356360511112,31206.19290356653,0.0,0.0,refund,0.0
2025-09-07,2025-09-06,2025-07-13,2025-09-06,10800.0,10800.0,72359.70947193415,72359.70947193415,0.0,0.0,0.0,46828.53255702919,0.0,0.0,46828.53255702919,0.0,46828.53255702919,17576.64204320987,14237.080054999999,14059.163867057623,0.0,0.0,refund,0.0
2025-09-08,2025-09-07,2025-07-14,2025-09-07,10800.0,10800.0,75838.07965659362,75838.07965659362,0.0,0.0,0.0,47854.19693597936,0.0,0.0,47854.19693597936,0.0,47854.19693597936,17236.643489471873,13961.681226472218,13167.54786026063,0.0,0.0,refund,0.0
2025-09-09,2025-09-08,2025-07-15,2025-09-08,10800.0,10800.0,64542.76600004801,64542.76600004801,0.0,0.0,0.0,41647.547690592335,0.0,0.0,41647.547690592335,0.0,41647.547690592335,18925.02679561042,15329.271704444443,7844.176642215365,0.0,0.0,refund,0.0
2025-09-10,2025-09-09,2025-07-16,2025-09-09,10800.0,10671.699982777778,77138.85787277222,77138.85787277222,0.0,0.0,0.0,48709.64579557942,0.0,0.0,48709.64579557942,0.0,48709.64579557942,18546.846324492457,15138.415538338893,12414.428436618651,0.0,0.0,refund,0.0
2025-09-11,2025-09-10,2025-07-17,2025-09-10,10671.699982777778,6824.672861024693,70988.72874506857,70988.72874506857,0.0,0.0,0.0,46334.84791804974,0.0,0.0,46334.847918049745,0.0,46334.847918049745,14523.11590792867,15226.048295,18195.57534880658,0.0,0.0,refund,0.0
2025-09-12,2025-09-11,2025-07-18,2025-09-11,6824.672861024693,7102.04787965432,36385.16265229314,36385.16265229314,0.0,0.0,0.0,21712.643562480014,0.0,0.0,21712.643562480018,0.0,21712.643562480018,14470.820442414262,11471.727041588889,21834.413051467767,0.0,0.0,refund,0.0
2025-09-13,2025-09-12,2025-07-19,2025-09-12,7102.04787965432,10800.0,41307.65274831111,41307.65274831111,0.0,0.0,0.0,23696.881424822295,0.0,0.0,23696.88142482229,0.0,23696.88142482229,18611.226348395063,11746.936433888888,26436.261350471603,0.0,0.0,refund,0.0
2025-09-14,2025-09-13,2025-07-20,2025-09-13,10800.0,10547.118515111111,79726.83174421125,79726.83174421125,0.0,0.0,0.0,51154.72953251923,0.0,0.0,51154.72953251923,0.0,51154.72953251923,15800.431066172838,13025.942500000001,16853.01842803841,0.0,0.0,refund,0.0
2025-09-15,2025-09-14,2025-07-21,2025-09-14,10547.118515111111,9787.374027592592,62075.77131010974,62075.77131010974,0.0,0.0,114.9690111111104,39808.14892357658,0.0,0.0,39808.14892357657,592.1936467222187,40400.34257029879,20072.783115377224,16942.724362222223,3993.650934732515,0.0,0.0,refund,0.0
2025-09-16,2025-09-15,2025-07-22,2025-09-15,9787.374027592592,9497.277933203703,76781.48235572483,76781.48235572483,0.0,0.0,0.0,47877.03710627582,0.0,0.0,47877.03710627582,0.0,47877.03710627582,18857.52427627571,15535.681148733333,13967.869244849122,0.0,0.0,refund,0.0
2025-09-17,2025-09-16,2025-07-23,2025-09-16,9497.277933203703,9680.984184759262,72518.46783769547,72518.46783769547,0.0,0.0,7.62916666666672,45980.73089195306,0.0,0.0,45980.73089195306,34.70889375000024,46015.43978570306,20159.444439314124,16163.81436944444,8570.348534492461,0.0,0.0,refund,0.0
2025-09-18,2025-09-17,2025-07-24,2025-09-17,9680.984184759262,5015.644115530865,59390.208911399175,59390.208911399175,0.0,0.0,36.85598555555195,38886.23242541213,0.0,0.0,38886.232425412134,178.75152994442695,39064.98395535656,15734.116367524004,16943.44032,1680.33773276406,0.0,0.0,refund,0.0
2025-09-19,2025-09-18,2025-07-25,2025-09-18,5015.644115530865,6309.601994154323,35285.19300602908,35285.19300602908,0.0,0.0,0.0,20468.45668472682,0.0,0.0,20468.456684726818,0.0,20468.456684726818,14976.69300379287,10966.55924231111,15173.70692788066,0.0,0.0,refund,0.0
2025-09-20,2025-09-19,2025-07-26,2025-09-19,6309.601994154323,10295.851110314821,39358.92815748333,39358.92815748333,0.0,0.0,0.0,22151.960698198083,0.0,0.0,22151.960698198083,0.0,22151.960698198083,19741.12553272291,12402.68747696111,16375.056368388205,0.0,0.0,refund,0.0
2025-09-21,2025-09-20,2025-07-27,2025-09-20,10295.851110314821,9521.801492703702,71263.97326778463,71263.97326778463,0.0,0.0,0.0,44794.904789337954,0.0,0.0,44794.904789337954,0.0,44794.904789337954,17706.060971515763,15038.554042777778,10308.978855713309,0.0,0.0,refund,0.0
2025-09-22,2025-09-21,2025-07-28,2025-09-21,9521.801492703702,8839.426636481481,73867.0703204664,73867.0703204664,0.0,0.0,19.555900000000065,46235.71709024825,0.0,0.0,46235.71709024825,131.78740035000044,46367.50449059825,20157.536339451304,16941.741805555554,10056.811803237311,0.0,0.0,refund,0.0
2025-09-23,2025-09-22,2025-07-29,2025-09-22,8839.426636481481,8869.78477505556,73098.89828439643,73098.89828439643,0.0,0.0,6.375000000000114,45610.76730148733,0.0,0.0,45610.76730148733,42.99618750000077,45653.76348898733,20992.681284286693,16976.74951555555,6972.725932331958,0.0,0.0,refund,0.0
2025-09-24,2025-09-23,2025-07-30,2025-09-23,8869.78477505556,8838.802345740742,62744.82877160494,62744.82877160494,0.0,0.0,2482.3083738111127,39720.807248047386,0.0,0.0,39720.807248047386,16909.11449392978,56629.92174197717,18376.029459979418,14912.468048966668,700.3506344032957,0.0,0.0,refund,0.0
2025-09-25,2025-09-24,2025-07-31,2025-09-24,8838.802345740742,4858.292571623459,64370.37579839506,64370.37579839506,0.0,0.0,15.37166666666667,41250.20648750642,0.0,0.0,41250.20648750642,103.4974316666667,41353.70391917308,15919.060299677629,16476.89763944444,4608.13590482854,0.0,0.0,refund,0.0
2025-09-26,2025-09-25,2025-08-01,2025-09-25,4858.292571623459,5525.237853561731,34651.468837894376,34651.468837894376,0.0,0.0,0.0,19625.757288136097,0.0,0.0,19625.757288136097,0.0,19625.757288136097,14914.874027942384,11480.79720888889,13523.148518840879,0.0,0.0,refund,0.0
2025-09-27,2025-09-26,2025-08-02,2025-09-26,5525.237853561731,8669.140694987655,37553.696060127775,37553.696060127775,0.0,0.0,0.0,20470.984460424275,0.0,0.0,20470.984460424275,0.0,20470.984460424275,19505.09327289437,12969.612993761113,13216.913530994518,0.0,0.0,refund,0.0
2025-09-28,2025-09-27,2025-08-03,2025-09-27,8669.140694987655,8675.61743010349,69668.17911500686,69668.17911500686,0.0,0.0,5.868333333333453,43393.24761821713,0.0,0.0,43393.24761821713,39.561369166667475,43432.8089873838,21482.37381131687,17394.89372556241,2098.938195919067,0.0,0.0,refund,0.0
2025-09-29,2025-09-28,2025-08-04,2025-09-28,8675.61743010349,8599.558341277778,72173.68180916485,72173.68180916485,0.0,0.0,97.62395388888672,45120.88407223912,0.0,0.0,45120.88407223912,617.3856300105401,45738.269702249665,20925.903733952222,17018.435204444446,5603.945633545951,0.0,0.0,refund,0.0
2025-09-30,2025-09-29,2025-08-05,2025-09-29,8599.558341277778,8791.223116092593,70983.85527400549,70983.85527400549,0.0,0.0,777.7123983055498,44776.85232437501,0.0,0.0,44776.85232437501,3939.429952729331,48716.282277104336,22623.41828755144,18152.470515583333,1868.4451336762631,0.0,0.0,refund,0.0
2025-10-01,2025-09-30,2025-08-06,2025-09-30,8791.223116092593,10272.833100185184,66966.37496145404,66966.37496145404,0.0,0.0,0.0,41316.72433361887,0.0,0.0,41316.72433361887,0.0,41316.72433361887,21262.720378758568,15889.354521111109,11931.487570473259,0.0,0.0,refund,0.0
2025-10-02,2025-10-01,2025-08-07,2025-10-01,10272.833100185184,7047.962924203704,67717.38197227023,67717.38197227023,0.0,0.0,0.0,43587.707391882715,0.0,0.0,43587.707391882715,0.0,43587.707391882715,13913.074600075452,14171.973584444444,16245.49783997256,0.0,0.0,refund,0.0
2025-10-03,2025-10-02,2025-08-08,2025-10-02,7047.962924203704,7135.512371537037,30090.490089176892,30090.490089176892,0.0,0.0,0.0,16546.45408800144,0.0,0.0,16546.45408800144,0.0,16546.45408800144,15537.400021872427,12506.499515116664,19242.435882421127,0.0,0.0,refund,0.0
2025-10-04,2025-10-03,2025-08-09,2025-10-03,7135.512371537037,10494.733706240739,36184.97000506111,36184.97000506111,0.0,0.0,0.0,19719.216901222284,0.0,0.0,19719.216901222284,0.0,19719.216901222284,19163.288244245537,12498.964276605555,16424.66360408779,0.0,0.0,refund,0.0
2025-10-05,2025-10-04,2025-08-10,2025-10-04,10494.733706240739,10200.910917777777,70657.65557000686,70657.65557000686,0.0,0.0,0.0,44132.10157446044,0.0,0.0,44132.101574460445,0.0,44132.101574460445,17313.394197318245,14288.289809444443,12896.590115466393,0.0,0.0,refund,0.0
2025-10-06,2025-10-05,2025-08-11,2025-10-05,10200.910917777777,9154.772752500001,60358.86052672153,60358.86052672153,0.0,0.0,788.4421064777739,38446.70338336965,0.0,0.0,38446.70338336965,5487.23862569768,43933.94200906733,18446.120724684497,15882.88213574445,850.9547942592626,0.0,0.0,refund,0.0
2025-10-07,2025-10-06,2025-08-12,2025-10-06,9154.772752500001,10195.36856622222,66325.25716134431,66325.25716134431,0.0,0.0,0.0,41188.607380453075,0.0,0.0,41188.607380453075,0.0,41188.607380453075,21843.659017016616,16756.827571433467,3466.8627157611622,0.0,0.0,refund,0.0
2025-10-08,2025-10-07,2025-08-13,2025-10-07,10195.36856622222,9480.884859043212,61623.94382937586,61623.94382937586,0.0,0.0,0.0,38124.76479646535,0.0,0.0,38124.76479646535,0.0,38124.76479646535,20251.60589462963,17046.836111111108,1940.6783791906728,0.0,0.0,refund,0.0
2025-10-09,2025-10-08,2025-08-14,2025-10-08,9480.884859043212,5960.726599345682,68205.91867709876,68205.91867709876,0.0,0.0,0.0,43017.49895648185,0.0,0.0,43017.49895648186,0.0,43017.49895648186,15151.314676467762,15440.707321666665,12735.329638964335,0.0,0.0,refund,0.0
2025-10-10,2025-10-09,2025-08-15,2025-10-09,5960.726599345682,6072.703223845681,31765.679594052537,31765.679594052537,0.0,0.0,0.0,17008.78908625451,0.0,0.0,17008.78908625451,0.0,17008.78908625451,15446.248031982163,12410.681943855558,19386.502589259264,0.0,0.0,refund,0.0
2025-10-11,2025-10-10,2025-08-16,2025-10-10,6072.703223845681,9463.231479617285,36063.96696505487,36063.96696505487,0.0,0.0,0.0,18852.79960537637,0.0,0.0,18852.79960537637,0.0,18852.79960537637,19030.22841930727,12363.009589444446,15290.434551858714,0.0,0.0,refund,0.0
2025-10-12,2025-10-11,2025-08-17,2025-10-11,9463.231479617285,8827.626323999999,65602.05334000001,65602.05334000001,0.0,0.0,214.4589352974666,40249.98410787519,0.0,0.0,40249.98410787519,1448.094125435127,41698.07823331032,19708.44064823731,16535.88156512777,4128.9972088546,0.0,0.0,refund,0.0
2025-10-13,2025-10-12,2025-08-18,2025-10-12,8827.626323999999,9277.445439814815,68776.64652096022,68776.64652096022,0.0,0.0,107.20535880555497,42210.111022986224,0.0,0.0,42210.111022986224,528.2324112843582,42738.34343427058,21761.380549224974,17221.881040638887,7316.9570711796905,0.0,0.0,refund,0.0
2025-10-14,2025-10-13,2025-08-19,2025-10-13,9277.445439814815,9215.440136907408,71186.89198261316,71186.89198261316,0.0,0.0,417.9461461111103,44047.8890546156,0.0,0.0,44047.88905461561,2064.408419794718,46112.29747441033,21046.234342448563,17103.25459,6888.029092942379,0.0,0.0,refund,0.0
2025-10-15,2025-10-14,2025-08-20,2025-10-14,9215.440136907408,8662.79708961111,72978.70173090123,72978.70173090123,0.0,0.0,0.0,44872.17984007424,0.0,0.0,44872.17984007424,0.0,44872.17984007424,20776.996068161865,17326.74555777778,7608.4275705171485,0.0,0.0,refund,0.0
2025-10-16,2025-10-15,2025-08-21,2025-10-15,8662.79708961111,5737.776254993827,66253.55437355969,66253.55437355969,0.0,0.0,3.6677515499987745,41448.901692132284,0.0,0.0,41448.901692132284,17.27877755204423,41466.18046968433,19308.864767578874,18272.699212894444,2254.5836204252455,0.0,0.0,refund,0.0
2025-10-17,2025-10-16,2025-08-22,2025-10-16,5737.776254993827,5605.07679745679,30396.5164416941,30396.5164416941,0.0,0.0,654.6933351944435,15523.939028812363,0.0,0.0,15523.939028812363,4139.627564459271,19663.566593271633,15908.698581234568,13005.475362583335,12143.787241570646,0.0,0.0,refund,0.0
2025-10-18,2025-10-17,2025-08-23,2025-10-17,5605.07679745679,9068.184641370372,36265.34571455418,36265.34571455418,0.0,0.0,0.0,18951.81596486458,0.0,0.0,18951.81596486458,0.0,18951.81596486458,19359.127592002744,12564.096289999998,13393.72114588477,0.0,0.0,refund,0.0
2025-10-19,2025-10-18,2025-08-24,2025-10-18,9068.184641370372,8573.250983092592,71279.70912817559,71279.70912817559,0.0,0.0,36.76489298888866,44068.94531795339,0.0,0.0,44068.94531795339,212.62090318788788,44281.56622114128,21392.38693704389,17773.273711455557,3811.6382622428014,0.0,0.0,refund,0.0
2025-10-20,2025-10-19,2025-08-25,2025-10-19,8573.250983092592,8558.33794411111,76242.84488703115,76242.84488703115,0.0,0.0,0.0,47575.81888308123,0.0,0.0,47575.81888308123,0.0,47575.81888308123,20522.41920227023,16636.581288922218,7916.224607016464,0.0,0.0,refund,0.0
2025-10-21,2025-10-20,2025-08-26,2025-10-20,8558.33794411111,8715.496287685186,75061.15836982167,75061.15836982167,0.0,0.0,0.0,46221.36700758354,0.0,0.0,46221.36700758354,0.0,46221.36700758354,22354.263349513036,17965.510803888887,4209.824474197527,0.0,0.0,refund,0.0
2025-10-22,2025-10-21,2025-08-27,2025-10-21,8715.496287685186,8440.710564407409,70856.2945959945,70856.2945959945,0.0,0.0,551.7847782777758,43625.39702785977,0.0,0.0,43625.39702785977,3649.18331581688,47274.58034367665,21517.011954314126,17676.08683394445,2012.257553902606,0.0,0.0,refund,0.0
2025-10-23,2025-10-22,2025-08-28,2025-10-22,8440.710564407409,5943.652101820989,79219.2432786214,79219.2432786214,0.0,0.0,717.2545887944434,49432.297080166616,0.0,0.0,49432.297080166616,4996.99437089079,54429.29145105741,15246.357559519887,14596.90223953889,15907.54551410151,0.0,0.0,refund,0.0
2025-10-24,2025-10-23,2025-08-29,2025-10-23,5943.652101820989,6111.746003691358,32365.338625054865,32365.338625054865,0.0,0.0,851.9263790999998,16555.83811316923,0.0,0.0,16555.838113169226,4768.792466047708,21324.630579216937,17039.07910195473,13650.369560899999,11408.50474643347,0.0,0.0,refund,0.0
2025-10-25,2025-10-24,2025-08-30,2025-10-24,6111.746003691358,8441.47743724074,35040.33151766118,35040.33151766118,0.0,0.0,611.4245076666667,17746.63409864593,0.0,0.0,17746.63409864593,3304.975216123001,21051.609314768928,19058.71996951303,13340.804885111109,10535.40820759259,0.0,0.0,refund,0.0
2025-10-26,2025-10-25,2025-08-31,2025-10-25,8441.47743724074,8564.573674722222,76406.78477879973,76406.78477879973,0.0,0.0,316.2244781722257,47096.03333053591,0.0,0.0,47096.0333305359,2173.286449896113,49269.319780432015,18897.29503018519,15196.022360716664,8477.424570836763,0.0,0.0,refund,0.0
2025-10-27,2025-10-26,2025-09-01,2025-10-26,8564.573674722222,8450.156076907406,69660.65667548697,69660.65667548697,0.0,0.0,984.9233491111136,43015.19780093563,0.0,0.0,43015.19780093563,6688.803696950273,49704.0014978859,21205.327296392312,17279.290948111113,3166.9620096502067,0.0,0.0,refund,0.0
2025-10-28,2025-10-27,2025-09-02,2025-10-27,8450.156076907406,8502.677431259259,69799.15293268861,69799.15293268861,0.0,0.0,1600.5537459333277,43120.48715300417,0.0,0.0,43120.48715300417,10926.516388190794,54047.003541194965,20411.457968703704,16486.011735733337,1501.8387456515702,0.0,0.0,refund,0.0
2025-10-29,2025-10-28,2025-09-03,2025-10-28,8502.677431259259,8456.116085277778,77868.16188196206,77868.16188196206,0.0,0.0,575.5995334444503,47925.93126708429,0.0,0.0,47925.9312670843,3804.206909440153,51730.13817652445,22208.53036888889,18030.81481018333,4953.789056700961,0.0,0.0,refund,0.0
2025-10-30,2025-10-29,2025-09-04,2025-10-29,8456.116085277778,6319.130616825713,66766.08804676268,66766.08804676268,0.0,0.0,1604.1988166999986,41569.31502768022,0.0,0.0,41569.31502768021,10752.446698613541,52321.76172629376,18845.842990438956,17188.41974386241,1925.0459668861427,0.0,0.0,refund,0.0
2025-10-31,2025-10-30,2025-09-05,2025-10-30,6319.130616825713,6515.90127087037,34810.57339900023,34810.57339900023,0.0,0.0,213.20649166666547,18368.34040885902,0.0,0.0,18368.340408859025,1041.3678537366611,19409.708262595686,17276.602823424102,13816.954698333335,7659.839698909469,0.0,0.0,refund,0.0
2025-11-01,2025-10-31,2025-09-06,2025-10-31,6515.90127087037,8488.155014839505,35965.269322990396,35965.269322990396,0.0,0.0,0.0,18517.860571707053,0.0,0.0,18517.860571707057,0.0,18517.860571707057,19334.544065315495,13885.952323333335,7972.639147674903,0.0,0.0,refund,0.0
2025-11-02,2025-11-01,2025-09-07,2025-11-01,8488.155014839505,8572.461023074076,75788.48242820817,75788.48242820817,0.0,0.0,363.9605063333327,47014.77335431117,0.0,0.0,47014.77335431117,2473.1540867929957,49487.92744110416,23178.376862956102,18698.609851583333,2876.2919898353966,0.0,0.0,refund,0.0
2025-11-03,2025-11-02,2025-09-08,2025-11-02,8572.461023074076,8521.630245623452,80786.43220199588,80786.43220199588,0.0,0.0,0.0,49988.13800671192,0.0,0.0,49988.13800671192,0.0,49988.13800671192,20360.454664286684,16537.715977777778,7458.763232153637,0.0,0.0,refund,0.0
2025-11-04,2025-11-03,2025-09-09,2025-11-03,8521.630245623452,8584.508968851853,74943.44826323731,74943.44826323731,0.0,0.0,655.0677131166622,46266.78672881656,0.0,0.0,46266.78672881655,4323.294746651169,50590.08147546772,21197.519534993145,17113.39997243889,3934.3243804663884,0.0,0.0,refund,0.0
2025-11-05,2025-11-04,2025-09-10,2025-11-04,8584.508968851853,8611.93604735185,83190.38505788065,83190.38505788065,0.0,0.0,0.0,51837.5620585846,0.0,0.0,51837.5620585846,0.0,51837.5620585846,21289.063867743484,17219.457362222223,9442.758485692731,0.0,0.0,refund,0.0
2025-11-06,2025-11-05,2025-09-11,2025-11-05,8611.93604735185,6755.143435543209,75939.1510045336,75939.1510045336,0.0,0.0,211.38324789444448,47393.79140415604,0.0,0.0,47393.79140415605,1139.7945076674775,48533.585911823524,20851.007091673528,18560.429094883333,2490.371705637857,0.0,0.0,refund,0.0
2025-11-07,2025-11-06,2025-09-12,2025-11-06,6755.143435543209,6957.715904969136,34939.07679395062,34939.07679395062,0.0,0.0,299.1050046277777,18069.08177872569,0.0,0.0,18069.08177872569,1828.428893289605,19897.510672015294,18414.383729176956,14733.335598150003,8238.671884218109,0.0,0.0,refund,0.0
2025-11-08,2025-11-07,2025-09-13,2025-11-07,6957.715904969136,8676.390319098766,36940.296514691356,36940.296514691356,0.0,0.0,0.0,19069.00965943648,0.0,0.0,19069.00965943648,0.0,19069.00965943648,19284.81948414952,14073.896809444446,7938.166739986282,0.0,0.0,refund,0.0
2025-11-09,2025-11-08,2025-09-14,2025-11-08,8676.390319098766,8577.335033314814,80347.92461917008,80347.92461917008,0.0,0.0,205.08506421111122,50132.767997157134,0.0,0.0,50132.767997157134,1259.1609220592115,51391.92891921635,21619.12407369684,17600.640256900002,5187.708683251031,0.0,0.0,refund,0.0
2025-11-10,2025-11-09,2025-09-15,2025-11-09,8577.335033314814,8618.458659,81397.98411883568,81397.98411883568,0.0,0.0,175.30104229999534,50884.46492612726,0.0,0.0,50884.46492612726,1029.934493886901,51914.39942001416,23057.844882325095,18639.84309156667,3296.8402703772354,0.0,0.0,refund,0.0
2025-11-11,2025-11-10,2025-09-16,2025-11-10,8618.458659,8523.565193574077,83445.70666759946,83445.70666759946,0.0,0.0,0.0,52518.332180758975,0.0,0.0,52518.332180758975,0.0,52518.332180758975,20121.340657757202,16383.690051666666,8149.036394842251,0.0,0.0,refund,0.0
2025-11-12,2025-11-11,2025-09-17,2025-11-11,8523.565193574077,8642.38143212963,80151.69959098504,80151.69959098504,0.0,0.0,65.17544166666539,49989.69829009272,0.0,0.0,49989.69829009272,454.6638810666578,50444.36217115937,22461.3831278738,18086.78571887778,4886.289873655687,0.0,0.0,refund,0.0
2025-11-13,2025-11-12,2025-09-18,2025-11-12,8642.38143212963,7541.146851141977,76259.43838360082,76259.43838360082,0.0,0.0,1752.1427321666617,47939.73702735132,0.0,0.0,47939.737027351315,11970.073257649967,59909.81028500129,18736.70639224966,16167.843300611115,3046.8467074622768,0.0,0.0,refund,0.0
2025-11-14,2025-11-13,2025-09-19,2025-11-13,7541.146851141977,7680.792802833337,35776.08186764746,35776.08186764746,0.0,0.0,0.0,19030.188031044905,0.0,0.0,19030.188031044905,0.0,19030.188031044905,17672.01570421124,14188.651363888888,4694.262227325107,0.0,0.0,refund,0.0
2025-11-15,2025-11-14,2025-09-20,2025-11-14,7680.792802833337,8672.274581580246,40821.26888727709,40821.26888727709,0.0,0.0,0.0,21200.96819321588,0.0,0.0,21200.96819321588,0.0,21200.96819321588,19174.384578580248,14638.917907777777,8073.915299807956,0.0,0.0,refund,0.0
2025-11-16,2025-11-15,2025-09-21,2025-11-15,8672.274581580246,8567.035183203703,80453.53574604972,80453.53574604972,0.0,0.0,211.32413024444418,50369.65725789274,0.0,0.0,50369.65725789274,1464.0410120152426,51833.698269907974,23000.963420534972,18725.495829172218,1954.847901598084,0.0,0.0,refund,0.0
2025-11-17,2025-11-16,2025-09-22,2025-11-16,8567.035183203703,8700.123323092592,77720.85615897804,77720.85615897804,0.0,0.0,196.69530776666397,48717.41332892644,0.0,0.0,48717.413328926435,1368.6877456485813,50086.10107457502,22874.57349838135,18408.625207788893,755.8488428189247,0.0,0.0,refund,0.0
2025-11-18,2025-11-17,2025-09-23,2025-11-17,8700.123323092592,8724.261002925925,81556.58645995919,81556.58645995919,0.0,0.0,0.0,51064.70386510397,0.0,0.0,51064.70386510396,0.0,51064.70386510396,23754.807653827163,19219.67028775,2130.897260548694,0.0,0.0,refund,0.0
2025-11-19,2025-11-18,2025-09-24,2025-11-18,8724.261002925925,8534.383296018517,80731.2372111594,80731.2372111594,0.0,0.0,48.19804833333192,50563.52497337759,0.0,0.0,50563.52497337759,221.13354390332674,50784.65851728092,24101.681096001368,19693.251623977776,1002.6941874691346,0.0,0.0,refund,0.0
2025-11-20,2025-11-19,2025-09-25,2025-11-19,8534.383296018517,7984.9892543580245,79870.79128996661,79870.79128996661,0.0,0.0,516.689212722219,50073.86937944091,0.0,0.0,50073.869379440905,3481.2263142901993,53555.095693731106,22482.57637234569,18705.341499094447,1817.1695961042433,0.0,0.0,refund,0.0
2025-11-21,2025-11-20,2025-09-26,2025-11-20,7984.9892543580245,8318.435702438272,36778.45377534979,36778.45377534979,0.0,0.0,0.0,19537.37012088312,0.0,0.0,19537.370120883115,0.0,19537.370120883115,18363.110737235933,14574.017893888888,4124.976865336083,0.0,0.0,refund,0.0
2025-11-22,2025-11-21,2025-09-27,2025-11-21,8318.435702438272,8725.42025808025,42296.572620733874,42296.572620733874,0.0,0.0,0.0,21887.182520947776,0.0,0.0,21887.182520947776,0.0,21887.182520947776,18924.667306680385,14962.694418333333,8114.770249053488,0.0,0.0,refund,0.0
2025-11-23,2025-11-22,2025-09-28,2025-11-22,8725.42025808025,8747.748742111115,81320.87455233862,81320.87455233862,0.0,0.0,0.0,51141.302975360064,0.0,0.0,51141.302975360064,0.0,51141.302975360064,23528.74876115226,19038.190860905554,1598.2203687585738,0.0,0.0,refund,0.0
2025-11-24,2025-11-23,2025-09-29,2025-11-23,8747.748742111115,8510.074489574074,80126.79360790987,80126.79360790987,0.0,0.0,57.02757722221918,50314.17514358612,0.0,0.0,50314.175143586115,328.93055512220144,50643.105698708314,22677.966404272964,18583.05961474445,1926.970695603572,0.0,0.0,refund,0.0
2025-11-25,2025-11-24,2025-09-30,2025-11-24,8510.074489574074,8719.085431907408,91904.18282631689,91904.18282631689,0.0,0.0,0.0,58580.31074329322,0.0,0.0,58580.31074329323,0.0,58580.31074329323,21500.59536253772,17227.372395555554,11462.299392668043,0.0,0.0,refund,0.0
2025-11-26,2025-11-25,2025-10-01,2025-11-25,8719.085431907408,8850.326129074077,86717.13759621399,86717.13759621399,0.0,0.0,15.604814999999917,54614.07471772703,0.0,0.0,54614.07471772704,73.0929534599996,54687.16767118704,23643.746065438947,19033.317685555554,5364.647147997264,0.0,0.0,refund,0.0
2025-11-27,2025-11-26,2025-10-02,2025-11-26,8850.326129074077,8322.464724962963,83366.50045794924,83366.50045794924,0.0,0.0,0.0,52755.64307871711,0.0,0.0,52755.643078717105,0.0,52755.643078717105,22244.34848377228,18492.997535555554,3834.2567763991833,0.0,0.0,refund,0.0
2025-11-28,2025-11-27,2025-10-03,2025-11-27,8322.464724962963,8166.547541679013,37759.90574728395,37759.90574728395,0.0,0.0,0.0,20026.87075272376,0.0,0.0,20026.87075272376,0.0,20026.87075272376,18742.09102817558,15321.419197777777,3417.995366886153,0.0,0.0,refund,0.0
2025-11-29,2025-11-28,2025-10-04,2025-11-28,8166.547541679013,8802.010128123457,49472.79164514403,49472.79164514403,0.0,0.0,0.0,25612.79330452396,0.0,0.0,25612.79330452396,0.0,25612.79330452396,18796.691473278457,14653.403765555555,10400.053837421132,0.0,0.0,refund,0.0
2025-11-30,2025-11-29,2025-10-05,2025-11-29,8802.010128123457,8701.415692888893,87507.67945479424,87507.67945479424,0.0,0.0,0.0,55202.31049944666,0.0,0.0,55202.31049944666,0.0,55202.31049944666,24374.785172784636,19834.110981666665,2722.1771470096082,0.0,0.0,refund,0.0
2025-12-01,2025-11-30,2025-10-06,2025-11-30,8701.415692888893,8613.659600851848,91051.29697449245,91051.29697449245,0.0,0.0,2628.680089955559,58311.11981116138,0.0,0.0,58311.11981116138,12816.967204977991,71128.08701613937,24587.876351152256,19995.16032726666,2788.3333072290784,0.0,0.0,refund,0.0
2025-12-02,2025-12-01,2025-10-07,2025-12-01,8613.659600851848,8522.976644685183,94157.28421590535,94157.28421590535,0.0,0.0,3054.7416206444423,60047.31805163312,0.0,0.0,60047.31805163311,15176.754413859297,75224.07246549241,24716.291238580252,20101.8105638,3959.735211769547,0.0,0.0,refund,0.0
2025-12-03,2025-12-02,2025-10-08,2025-12-02,8522.976644685183,8470.523988611114,84518.88055698217,84518.88055698217,0.0,0.0,6771.5130055555655,53448.45910469693,0.0,0.0,53448.45910469693,39944.33045657471,93392.78956127164,21686.94326142661,17613.631432222213,54.33316666666656,0.0,0.0,refund,0.0
2025-12-04,2025-12-03,2025-10-09,2025-12-03,8470.523988611114,8562.903588,92296.07260820987,92296.07260820987,0.0,0.0,3614.2655625166703,59228.54008353397,0.0,0.0,59228.54008353396,17637.69134628377,76866.23142981772,24544.440361783258,19797.855053594445,4392.544112537725,0.0,0.0,refund,0.0
2025-12-05,2025-12-04,2025-10-10,2025-12-04,8562.903588,8432.098493962963,44169.678750809326,44169.678750809326,0.0,0.0,1150.8333181888868,23162.302444208195,0.0,0.0,23162.302444208195,6157.501846501492,29319.80429070969,21022.21636414266,17145.71983958889,132.3878611111113,0.0,0.0,refund,0.0
2025-12-06,2025-12-05,2025-10-11,2025-12-05,8432.098493962963,8584.018801055558,47469.10310002744,47469.10310002744,0.0,0.0,1311.9721136166647,24849.134397403523,0.0,0.0,24849.134397403523,6804.633201458756,31653.76759886228,21470.78229696845,17254.605384161114,900.2674841700981,0.0,0.0,refund,0.0
2025-12-07,2025-12-06,2025-10-12,2025-12-06,8584.018801055558,8601.841109333332,95454.77702049381,95454.77702049381,0.0,0.0,1419.0595701055527,61211.255865549945,0.0,0.0,61211.255865549945,7226.818801074566,68438.07466662451,25002.48999329218,20235.976817116665,4454.642164423865,0.0,0.0,refund,0.0
2025-12-08,2025-12-07,2025-10-13,2025-12-07,8601.841109333332,8844.187595592595,97945.66716476681,97945.66716476681,0.0,0.0,7.200816666666469,62843.610329743184,0.0,0.0,62843.610329743184,41.82594360833218,62885.436273351515,24579.25864934156,19691.087668333334,5217.485883758578,0.0,0.0,refund,0.0
2025-12-09,2025-12-08,2025-10-14,2025-12-08,8844.187595592595,8743.780742148148,96856.58197820302,96856.58197820302,0.0,0.0,60.411570555555386,62209.59811471624,0.0,0.0,62209.59811471624,351.75537810027674,62561.35349281652,24861.408531152258,20228.107078333327,4895.237829272981,0.0,0.0,refund,0.0
2025-12-10,2025-12-09,2025-10-15,2025-12-09,8743.780742148148,8789.725194074077,93004.08346168039,93004.08346168039,0.0,0.0,1006.3676226666644,59378.00626634781,0.0,0.0,59378.00626634782,4782.631780873989,64160.6380472218,25297.17531572016,20449.361999,775.0193009602218,0.0,0.0,refund,0.0
2025-12-11,2025-12-10,2025-10-16,2025-12-10,8789.725194074077,8862.421246000005,96576.27672989026,96576.27672989026,0.0,0.0,0.0,61906.681986803196,0.0,0.0,61906.681986803196,0.0,61906.681986803196,23953.871277860067,19337.209288333335,5998.360040363522,0.0,0.0,refund,0.0
2025-12-12,2025-12-11,2025-10-17,2025-12-11,8862.421246000005,8851.220743481255,49216.09035473937,49216.09035473937,0.0,0.0,0.0,25602.204915040238,0.0,0.0,25602.204915040234,0.0,25602.204915040234,21477.75393915637,17407.061142983537,1430.9840752331997,0.0,0.0,refund,0.0
2025-12-13,2025-12-12,2025-10-18,2025-12-12,8851.220743481255,8995.80852640123,50461.593014465274,50461.593014465274,0.0,0.0,0.0,26383.422849870512,0.0,0.0,26383.422849870516,0.0,26383.422849870516,20557.367880885027,16521.33897888889,2627.030729135805,0.0,0.0,refund,0.0
2025-12-14,2025-12-13,2025-10-19,2025-12-13,8995.80852640123,8656.37388312963,92092.17892879288,92092.17892879288,0.0,0.0,1496.0959134777772,58809.61991004976,0.0,0.0,58809.61991004977,8140.059085167445,66949.67899521721,24713.453224718796,20323.388290966668,419.4881085185181,0.0,0.0,refund,0.0
2025-12-15,2025-12-14,2025-10-20,2025-12-14,8656.37388312963,8819.032761,94488.01296355967,94488.01296355967,0.0,0.0,946.1106002333355,60282.00863052541,0.0,0.0,60282.00863052541,5345.225358902189,65627.2339894276,24699.003700775032,19859.800007544443,1125.3619038957513,0.0,0.0,refund,0.0
2025-12-16,2025-12-15,2025-10-21,2025-12-15,8819.032761,8905.055152537041,99665.39965833334,99665.39965833334,0.0,0.0,0.0,64544.929617601,0.0,0.0,64544.929617601,0.0,64544.929617601,23490.58683284637,18949.95518222222,5706.676674375854,0.0,0.0,refund,0.0
2025-12-17,2025-12-16,2025-10-22,2025-12-16,8905.055152537041,8950.443271962966,100018.64641469136,100018.64641469136,0.0,0.0,0.0,64290.26388743271,0.0,0.0,64290.26388743272,0.0,64290.26388743272,23261.584581255138,18801.034203333333,7366.248970102886,0.0,0.0,refund,0.0
2025-12-18,2025-12-17,2025-10-23,2025-12-17,8950.443271962966,8970.934866685186,95288.61554261316,95288.61554261316,0.0,0.0,0.0,61492.00503857323,0.0,0.0,61492.00503857324,0.0,61492.00503857324,24325.110245850476,19684.896863888887,3282.1351939849073,0.0,0.0,refund,0.0
2025-12-19,2025-12-18,2025-10-24,2025-12-18,8970.934866685186,8857.082199734567,49221.156143971195,49221.156143971195,0.0,0.0,0.0,26114.058549939604,0.0,0.0,26114.058549939604,0.0,26114.058549939604,20010.677922181065,16311.11651722222,2613.2034390123476,0.0,0.0,refund,0.0
2025-12-20,2025-12-19,2025-10-25,2025-12-19,8857.082199734567,9068.077819641976,52477.599706488334,52477.599706488334,0.0,0.0,0.0,27873.87300104405,0.0,0.0,27873.873001044045,0.0,27873.873001044045,20133.38902760631,16118.149054444448,5606.007483326468,0.0,0.0,refund,0.0
2025-12-21,2025-12-20,2025-10-26,2025-12-20,9068.077819641976,8990.216271462965,98419.91073673526,98419.91073673526,0.0,0.0,1.6522333333332426,63319.73042857223,0.0,0.0,63319.730428572235,9.596997316666139,63329.3274258889,23891.883565123455,19422.501081111106,4914.39861938958,0.0,0.0,refund,0.0
2025-12-22,2025-12-21,2025-10-27,2025-12-21,8990.216271462965,8734.543593648146,97799.13616839505,97799.13616839505,0.0,0.0,0.0,63078.45778572137,0.0,0.0,63078.45778572137,0.0,63078.45778572137,23757.297693374483,19473.516541666668,4577.927933353908,0.0,0.0,refund,0.0
2025-12-23,2025-12-22,2025-10-28,2025-12-22,8734.543593648146,9112.836182685185,100665.74693397118,100665.74693397118,0.0,0.0,0.0,64886.442680015476,0.0,0.0,64886.44268001548,0.0,64886.44268001548,23244.254787544574,18487.383047777777,8650.782660871057,0.0,0.0,refund,0.0
2025-12-24,2025-12-23,2025-10-29,2025-12-23,9112.836182685185,8835.556066388888,98763.83112312757,98763.83112312757,0.0,0.0,0.0,63872.434532606036,0.0,0.0,63872.434532606036,0.0,63872.434532606036,23172.644903703702,19019.394476666665,6756.021379423867,0.0,0.0,refund,0.0
2025-12-25,2025-12-24,2025-10-30,2025-12-24,8835.556066388888,8868.486701333335,95566.70325389574,95566.70325389574,0.0,0.0,0.0,61186.53999550127,0.0,0.0,61186.53999550127,0.0,61186.53999550127,24144.88661701647,19527.72058833333,3137.0886918792803,0.0,0.0,refund,0.0
2025-12-26,2025-12-25,2025-10-31,2025-12-25,8868.486701333335,9420.259724802469,51174.64529505487,51174.64529505487,0.0,0.0,0.0,27044.059763823265,0.0,0.0,27044.059763823265,0.0,27044.059763823265,20572.332840205767,16166.993879444448,3761.6839009602145,0.0,0.0,refund,0.0
2025-12-27,2025-12-26,2025-11-01,2025-12-26,9420.259724802469,9179.313879432102,52467.35375524355,52467.35375524355,0.0,0.0,0.0,27651.07031134757,0.0,0.0,27651.070311347572,0.0,27651.070311347572,19648.140818786014,16131.845324049998,5612.249193840872,0.0,0.0,refund,0.0
2025-12-28,2025-12-27,2025-11-02,2025-12-27,9179.313879432102,9217.065375648146,98103.26270141288,98103.26270141288,0.0,0.0,0.0,63280.20521198919,0.0,0.0,63280.20521198918,0.0,63280.20521198918,22850.411285233182,18474.856794444444,6918.453460624149,0.0,0.0,refund,0.0
2025-12-29,2025-12-28,2025-11-03,2025-12-28,9217.065375648146,8931.852020425924,97559.67761893003,97559.67761893003,0.0,0.0,0.0,62400.11127960765,0.0,0.0,62400.11127960765,0.0,62400.11127960765,23338.837139602198,19161.150102777778,5858.22431543895,0.0,0.0,refund,0.0
2025-12-30,2025-12-29,2025-11-04,2025-12-29,8931.852020425924,9069.18401992593,98903.03965265432,98903.03965265432,0.0,0.0,0.0,63591.523373056,0.0,0.0,63591.523373056,0.0,63591.523373056,23525.819740871062,18932.315190555553,8085.132502338816,0.0,0.0,refund,0.0
2025-12-31,2025-12-30,2025-11-05,2025-12-30,9069.18401992593,8687.221395111112,100474.64041964334,100474.64041964334,0.0,0.0,0.0,64522.893918027694,0.0,0.0,64522.893918027694,0.0,64522.893918027694,23160.619320850477,19103.86801222222,7771.466177681752,0.0,0.0,refund,0.0
