date,train_end_date,residual_history_start_date,residual_history_end_date,soc_open_kwh,soc_close_kwh,original_purchase_kwh,effective_purchase_kwh,upward_adjustment_kwh,downward_adjustment_kwh,emergency_purchase_kwh,base_plan_cost_yuan,downward_credit_yuan,upward_adjustment_cost_yuan,normal_settlement_cost_yuan,emergency_cost_yuan,total_cost_yuan,charge_kwh,discharge_kwh,surplus_discard_kwh
2025-02-01,2025-01-31,2025-01-02,2025-01-31,6000.0,9698.132278601235,51247.516323716874,49887.637691578326,0.0,1359.8786321385458,0.0,26892.026562188967,326.08886188226734,0.0,26565.9377003067,0.0,26565.9377003067,22541.47364075034,14930.274598266666,7898.26271576132
2025-02-02,2025-02-01,2025-01-02,2025-02-01,9698.132278601235,9532.116331246914,93091.33040451714,91377.19691324828,0.0,1714.1334912688621,0.0,59187.343746963204,549.6339071916502,0.0,58637.70983977156,0.0,58637.70983977156,21413.49495149931,17494.345263333336,9101.769275082303
2025-02-03,2025-02-02,2025-01-02,2025-02-02,9532.116331246914,9410.58513116914,95680.99169039231,93708.77825190124,0.0,1972.213438491081,0.0,60859.01072747827,601.3037811398422,0.0,60257.70694633843,0.0,60257.70694633843,21375.842081806582,17423.810166333333,9539.82983642798
2025-02-04,2025-02-03,2025-01-02,2025-02-03,9410.58513116914,9481.523380665434,97935.24928936761,96326.92750889162,0.0,1608.3217804759947,0.0,62798.0750803036,543.3736211473126,0.0,62254.701459156284,0.0,62254.701459156284,22251.058610002736,17959.513049555557,10840.517998444446
2025-02-05,2025-02-04,2025-01-02,2025-02-04,9481.523380665434,9483.27930116173,92541.39275264746,91706.8752630439,0.0,834.5174896035669,0.0,58885.58807965829,312.0195982133165,0.0,58573.56848144498,0.0,58573.56848144498,22638.669502060344,18335.741968222224,6655.520745872434
2025-02-06,2025-02-05,2025-01-02,2025-02-05,9483.27930116173,9425.868090053087,98291.45188204251,96512.56805377228,0.0,1778.883828270235,0.0,62993.567368590826,572.0867753838644,0.0,62421.48059320696,0.0,62421.48059320696,21547.781908370373,17505.37343577778,12199.102364513023
2025-02-07,2025-02-06,2025-01-02,2025-02-06,9425.868090053087,9277.328113425921,47795.3018282332,45600.70427072291,0.0,2194.597557510287,0.0,25055.983530227713,482.6830366831695,0.0,24573.30049354454,0.0,24573.30049354454,18545.14569675171,15155.253993333336,10405.132900637867
2025-02-08,2025-02-07,2025-01-02,2025-02-07,9277.328113425921,9409.351677018518,39017.33177416461,39148.62847510462,131.29670094000602,0.0,0.0,20341.84105723853,0.0,240.78501985387703,20582.626077092405,0.0,20582.626077092405,18631.936101596722,14973.047035059995,3912.5766919012267
2025-02-09,2025-02-08,2025-01-02,2025-02-08,9409.351677018518,9169.035099271607,92303.61485042388,89221.25005236076,0.0,3082.364798063102,0.0,58622.0962278302,846.6180246328695,0.0,57775.47820319733,0.0,57775.47820319733,21192.00937534293,17381.812513999997,5855.637224351171
2025-02-10,2025-02-09,2025-01-02,2025-02-09,9169.035099271607,9121.483905364197,88597.13909280933,85221.98900097256,0.0,3375.150091836766,0.0,55829.35970004559,901.1778461664314,0.0,54928.18185387916,0.0,54928.18185387916,20466.803680843608,16620.907055999996,7049.454792795616
2025-02-11,2025-02-10,2025-01-02,2025-02-10,9121.483905364197,8963.634111281479,89203.03598766803,88511.25962443072,0.0,691.7763632373119,0.0,56483.478178084515,206.07235966738708,0.0,56277.40581841713,0.0,56277.40581841713,22061.92944992181,18012.22766911111,9240.960710286694
2025-02-12,2025-02-11,2025-01-02,2025-02-11,8963.634111281479,9108.797407475307,89399.66444357613,86459.86127573662,0.0,2939.8031678395037,0.0,56383.255523828586,800.8079114134327,0.0,55582.447612415155,0.0,55582.447612415155,21329.79488191633,17146.486887777777,7009.817148264741
2025-02-13,2025-02-12,2025-01-02,2025-02-12,9108.797407475307,8574.512291879011,83460.18957240054,80568.81566991634,0.0,2891.3739024842225,0.0,52146.328615121776,710.8959643545619,0.0,51435.43265076722,0.0,51435.43265076722,19188.985757019207,16023.935067222226,6074.285963452674
2025-02-14,2025-02-13,2025-01-02,2025-02-13,8574.512291879011,8564.514762330866,39823.63373701509,39644.32509126731,193.25477369666754,372.5634194444445,0.0,20438.446265992665,76.61766720875,354.4099294823186,20716.238528266233,0.0,20716.238528266233,18160.63184148011,14719.109568192223,6401.001001312756
2025-02-15,2025-02-14,2025-01-02,2025-02-14,8564.514762330866,8884.444467879013,40421.01490429492,39979.0125020727,27.18991333333514,469.1923155555555,0.0,21026.144124967548,96.489399694,49.86358206200331,20979.518307335555,0.0,20979.518307335555,18149.02459903155,14412.773190222219,6962.669993263374
2025-02-16,2025-02-15,2025-01-02,2025-02-15,8884.444467879013,8944.676400254322,89066.79805780109,87503.54659927434,35.69164755555539,1598.9431060823122,0.0,55930.421703241656,493.8291762192771,68.96161682446635,55505.55414384685,0.0,55505.55414384685,21655.257067248276,17486.549485333333,7957.459917359396
2025-02-17,2025-02-16,2025-01-02,2025-02-16,8944.676400254322,8864.700615740743,88978.0626508834,84643.48191472428,0.0,4334.58073615912,0.0,55379.54245655489,1107.7344587139278,0.0,54271.807997840966,0.0,54271.807997840966,19115.60826274897,15555.620898888887,9899.631384197526
2025-02-18,2025-02-17,2025-01-02,2025-02-17,8864.700615740743,9066.83631211852,79719.34666184636,77747.50035967084,123.89732300555312,2095.7436251810686,12.7897999999999,49462.72305586947,582.5411793789388,239.38821264517946,49119.57008913571,56.35232843333287,49175.92241756905,21491.569862223594,17226.24946166111,1403.5819757750335
2025-02-19,2025-02-18,2025-01-02,2025-02-18,9066.83631211852,8661.618709658029,79788.57062564208,78994.59905347816,26.76608427778035,820.7376564417016,0.0,49666.134482659734,229.23714840355913,51.716089737313304,49488.61342399349,0.0,49488.61342399349,21991.684575842257,18177.960348646666,2301.5474429492338
2025-02-20,2025-02-19,2025-01-02,2025-02-19,8661.618709658029,8183.954003411111,82470.47659243073,80555.071384507,108.58455828888981,2023.9897662126182,15.793727222222174,51152.77877599023,562.4847030941786,209.80165429787846,50800.095727193926,73.97781830888866,50874.07354550281,19646.957101481472,16343.933487822222,6274.707764736626
2025-02-21,2025-02-20,2025-01-02,2025-02-20,8183.954003411111,7911.692855908646,35470.302274844995,35623.922961511664,153.62068666667045,0.0,0.0,18315.294927605668,0.0,281.7249772780069,18597.019904883673,0.0,18597.019904883673,17144.960086039784,14132.45270244444,7051.153544582989
2025-02-22,2025-02-21,2025-01-02,2025-02-21,7911.692855908646,9033.733694104938,37054.08415590993,37270.12258924326,216.03843333333245,0.0,0.0,19284.17061574389,0.0,396.1928828899984,19680.363498633888,0.0,19680.363498633888,18890.568033916323,14291.52335309556,4826.315025089165
2025-02-23,2025-02-22,2025-01-02,2025-02-22,9033.733694104938,8801.509466840742,81447.18649687548,81479.17478616751,53.89938218777769,21.911092895751153,18.482305666666548,50348.416799814746,8.43504288168279,104.14169129411466,50444.123448227176,85.71410749488834,50529.837555722064,22307.58309652126,18278.14411272,5936.364424699583
2025-02-24,2025-02-23,2025-01-02,2025-02-23,8801.509466840742,9006.229609475306,78358.03031842524,76395.32739299588,65.46758255555648,2028.1705079849116,52.39974177777788,48681.77516504403,496.5623011414887,126.49318963471845,48311.70605353726,237.51779958100047,48549.22385311827,21036.171007591212,16855.050387777777,4063.5728982935516
2025-02-25,2025-02-24,2025-01-02,2025-02-24,9006.229609475306,8817.5896409321,80759.48625827735,76920.08767347512,49.695065777777984,3889.093650579998,44.472998579998716,49949.93988371802,904.1867460714991,79.69549576674632,49125.44863341327,198.39359694777104,49323.84223036104,18517.214607791502,15168.719804,7794.742634930285
2025-02-26,2025-02-25,2025-01-02,2025-02-25,8817.5896409321,9064.443980398766,74145.76240902743,74335.12461702075,372.50346619222,183.1412581989025,27.341170777777847,45278.571733578676,53.67530711891726,719.7325722032979,45944.62899866306,119.73959558422253,46064.36859424728,22306.064950336076,17845.74370425222,1087.2965083813467
2025-02-27,2025-02-26,2025-01-02,2025-02-26,9064.443980398766,7399.784143141977,73429.97924304116,72794.82775723867,63.268573888888625,698.420059691355,10.682676666667021,45469.395671045524,205.7515808660455,122.24437503941616,45385.8884652189,47.846384159446075,45433.73484937834,20792.747986038405,18340.319722222222,3396.4979700891668
2025-02-28,2025-02-27,2025-01-03,2025-02-27,7399.784143141977,7140.346324037042,34185.83753870308,34157.1809748142,0.0,28.656563888889764,0.0,17816.476814718324,14.143447107361542,0.0,17802.33336761096,0.0,17802.33336761096,16966.596602153633,13976.43728493889,7874.42810759945
2025-03-01,2025-02-28,2025-01-04,2025-02-28,7140.346324037042,8996.355415858026,41622.0031770919,41086.928630980794,0.0,535.074546111111,0.0,21176.60426329345,110.03808040774997,0.0,21066.566182885705,0.0,21066.566182885705,18235.87668158436,13100.651929444444,12292.937945507541
2025-03-02,2025-03-01,2025-01-05,2025-03-01,8996.355415858026,8746.298405179012,84013.62479904664,82732.92558365568,91.6065233333324,1372.3057387242777,0.0,52149.86706778728,378.1516233467092,176.99754405849822,51948.71298849908,0.0,51948.71298849908,22410.38194698216,18377.460686666665,6341.697256673523
2025-03-03,2025-03-02,2025-01-06,2025-03-02,8746.298405179012,8748.918274098764,86173.86604368998,83577.2306418275,502.31235913888884,3098.947761001373,0.0,53456.929257953394,846.572891231481,970.5428247102041,53580.89919143212,0.0,53580.89919143212,21344.64387599451,17286.803657527777,7502.243790027434
2025-03-04,2025-03-03,2025-01-07,2025-03-03,8748.918274098764,8674.525830537035,76953.76633631001,75324.05129838819,0.0,1629.715037921805,0.0,47402.0862159271,473.15258801266833,0.0,46928.933627914426,0.0,46928.933627914426,21819.00524446503,17740.347447222222,2045.935567812065
2025-03-05,2025-03-04,2025-01-08,2025-03-04,8674.525830537035,8794.466782839507,80862.93329520576,77619.21063573835,9.288475361111182,3253.011134828529,0.0,49818.00133013477,782.6853222947652,17.946727668970972,49053.26273550898,0.0,49053.26273550898,20129.15380732511,16196.667726861111,7556.252538607679
2025-03-06,2025-03-05,2025-01-09,2025-03-05,8794.466782839507,7197.711798858027,73722.82509807956,72165.35917601509,113.15465333333202,1670.620575397807,0.0,45484.769578852945,429.05390646481686,218.63176343799748,45274.34743582612,0.0,45274.34743582612,19519.54922836076,17247.91436055556,3953.0701748765423
2025-03-07,2025-03-06,2025-01-10,2025-03-06,7197.711798858027,6610.670685277775,34135.649579470846,34101.16457613751,0.0,34.48500333333345,0.0,18091.19330814009,17.020073395166726,0.0,18074.17323474492,0.0,18074.17323474492,14946.384808744857,12634.90869730556,10867.402931364883
2025-03-08,2025-03-07,2025-01-11,2025-03-07,6610.670685277775,8983.58057512963,35175.13305991667,35177.50397436111,2.370914444443031,0.0,0.0,18055.06079649857,0.0,4.348019999664074,18059.40881649823,0.0,18059.40881649823,18319.516077304528,12703.189121749998,10498.037502139918
2025-03-09,2025-03-08,2025-01-12,2025-03-08,8983.58057512963,8802.548143129628,78302.14972272291,76380.13857829904,0.0,1922.011144423872,0.0,47880.574997339034,496.4843451289647,0.0,47384.09065221006,0.0,47384.09065221006,20520.290017256506,16784.364102777778,9310.687613820304
2025-03-10,2025-03-09,2025-01-13,2025-03-09,8802.548143129628,8848.259115574072,75120.95700390261,75221.58951129028,154.72818640000494,54.0956790123447,0.0,45556.55595001465,18.660304475308305,223.59478136570473,45761.490426905046,0.0,45761.490426905046,21946.947845672155,17735.88787979444,2968.458095412555
2025-03-11,2025-03-10,2025-01-14,2025-03-10,8848.259115574072,8981.137953593703,66633.47584537722,69343.3903641439,2775.1756854333316,65.26116666666587,54.019950922222414,40707.263805844996,26.404668033333014,3269.447578435373,43950.30671624703,266.3530902751454,44216.65980652218,21556.097068540323,17340.8476713,1243.2421178257923
2025-03-12,2025-03-11,2025-01-15,2025-03-11,8981.137953593703,8817.399584882718,76243.8560121181,73596.18954245419,32.02449999999993,2679.690969663919,0.0,46720.558637390044,654.5287753755246,61.87613767499987,46127.90599968952,0.0,46127.90599968952,19728.44108414828,16127.401809999996,7559.615584972568
2025-03-13,2025-03-12,2025-01-16,2025-03-12,8817.399584882718,5771.382467314815,72828.1931360631,69944.44937219478,8.538166666667166,2892.28193053498,84.69475444444276,44933.11270846505,710.5101635850453,12.763951450001048,44235.366496329996,580.8070734394328,44816.17356976944,17095.47631449932,16588.751220555558,1976.8010160287995
2025-03-14,2025-03-13,2025-01-17,2025-03-13,5771.382467314815,5671.69707658642,31262.676025274348,31352.370055107684,89.6940298333331,0.0,0.0,16075.61770923214,0.0,164.48988131134956,16240.107590543488,0.0,16240.107590543488,15212.295482386828,12411.676192388888,12522.324781776408
2025-03-15,2025-03-14,2025-01-18,2025-03-14,5671.69707658642,8468.760326481479,34493.94548510288,34541.718468230654,47.77298312777606,0.0,0.0,17359.50236810976,0.0,87.6108737580285,17447.113241867788,0.0,17447.113241867788,18957.863515912206,12838.512522983332,7498.242325301786
2025-03-16,2025-03-15,2025-01-19,2025-03-15,8468.760326481479,9050.73959102469,72569.38481135803,72259.3314658299,37.66887999999915,347.7222255281238,1.6400000000001,44370.616147015244,95.5161863803413,57.21842306299867,44332.3183836979,7.461180000000455,44339.7795636979,21449.194501069956,16850.066207777778,4310.796239204393
2025-03-17,2025-03-16,2025-01-20,2025-03-16,9050.73959102469,9026.006850259262,67461.66762891755,66875.10363686796,264.21424087221925,850.7782329218124,0.0,40277.113440648776,241.28889956169178,510.5015455012584,40546.32608658834,0.0,40546.32608658834,21189.598356385453,17185.834135361118,5013.207982510288
2025-03-18,2025-03-17,2025-01-21,2025-03-17,9026.006850259262,8896.147704055555,76037.17670971193,71669.18912744855,0.0,4367.987582263379,0.0,46597.7314102463,1118.2356112188743,0.0,45479.49579902742,0.0,45479.49579902742,18710.202530281204,15272.13728111111,7105.165511611789
2025-03-19,2025-03-18,2025-01-22,2025-03-18,8896.147704055555,9118.773190135802,62769.8501048834,64501.62236776913,1736.330262885736,4.557999999999822,0.0,38408.005093272004,1.899318599999926,2229.244920848547,40635.35069552055,0.0,40635.35069552055,20935.23304863511,16757.17583192222,858.0947010562451
2025-03-20,2025-03-19,2025-01-23,2025-03-19,9118.773190135802,5221.344702283951,66991.47138552812,68202.90041497255,1211.4290294444436,0.0,369.38509722222517,41746.48171298976,0.0,1198.7819744011535,42945.26368739091,1811.0407107736264,44756.30439816453,17592.839370150894,17757.885528888888,6528.369854266114
2025-03-21,2025-03-20,2025-01-24,2025-03-20,5221.344702283951,4783.084143641973,29458.684680303842,29407.64732974828,0.0,51.037350555556145,0.0,15244.184021655758,25.189484366694735,0.0,15218.994537289063,0.0,15218.994537289063,14895.285938751713,12459.616113166667,14938.512987496573
2025-03-22,2025-03-21,2025-01-25,2025-03-21,4783.084143641973,9168.852501734566,35333.946487572015,35333.946487572015,0.0,0.0,0.0,18028.002817784156,0.0,0.0,18028.002817784156,0.0,18028.002817784156,19275.43251927984,11665.908818333333,11843.223053292179
2025-03-23,2025-03-22,2025-01-26,2025-03-22,9168.852501734566,8729.033460623457,71739.95309510287,69126.35920688615,8.208722222221525,2621.8026104389564,0.0,43756.41961763858,658.253967424145,13.902374641665384,43112.068024856104,0.0,43112.068024856104,19300.837878875172,16029.515818888887,7085.317030233192
2025-03-24,2025-03-23,2025-01-27,2025-03-23,8729.033460623457,8960.604981790122,68147.09112083676,66158.15397217422,39.5248383333348,2028.4619869958833,0.0,41042.782790414625,481.1577651691365,56.24143593550222,40617.866461180995,0.0,40617.866461180995,21004.94848991084,16805.593907777777,3960.3023067078193
2025-03-25,2025-03-24,2025-01-28,2025-03-24,8960.604981790122,8614.103633555558,74967.15779495885,72717.73947605625,27.42373222222278,2276.842051124826,0.0,45627.1871782259,562.234901346505,35.37661456666739,45100.32889144606,0.0,45100.32889144606,19641.883035569284,16221.776472222224,8347.508196042516
2025-03-26,2025-03-25,2025-01-29,2025-03-25,8614.103633555558,8772.855257876545,64948.65068343621,65086.40847899177,141.20746777777825,3.4496722222227447,375.84390222222163,39335.95088709874,1.1899644330557357,135.45934213200042,39470.22026479769,1922.9012225111078,41393.121487308796,21599.912806172833,17353.05291111111,5622.837619485597
2025-03-27,2025-03-26,2025-01-30,2025-03-26,8772.855257876545,4668.846802253088,64116.11574563101,61856.95388882031,34.16161681666591,2293.3234736273635,0.0,39827.58818456287,596.1014826770426,42.70543718251405,39274.19213906834,0.0,39274.19213906834,15408.795274272972,16174.731782222221,3905.9009967695533
2025-03-28,2025-03-27,2025-01-31,2025-03-27,4668.846802253088,4592.033252098766,29699.144525603566,29675.8774189369,0.0,23.267106666666564,0.0,15191.358962264261,11.483480495333282,0.0,15179.875481768928,0.0,15179.875481768928,14776.254489540464,12037.898331666664,16115.640494396437
2025-03-29,2025-03-28,2025-02-01,2025-03-28,4592.033252098766,8841.68031288889,33452.44493960905,33753.65685027572,301.21191066666995,0.0,0.0,16554.00963939106,0.0,552.392522971606,17106.40216236267,0.0,17106.40216236267,19117.718131193415,11660.669331555553,18589.398867304528
2025-03-30,2025-03-29,2025-02-02,2025-03-29,8841.68031288889,8884.972158913582,67236.47750849108,65053.81647579231,87.13833328889194,2269.799365987657,0.0,40246.691916397685,514.3729034477227,105.76850894605704,39838.087521896014,0.0,39838.087521896014,20444.35463144032,16520.96459004444,5784.806734396432
2025-03-31,2025-03-30,2025-02-03,2025-03-30,8884.972158913582,9053.950086851855,58268.23336210562,61204.41197284348,2936.1786107378603,0.0,0.0,35443.07495959234,0.0,3991.754149314504,39434.82910890684,0.0,39434.82910890684,19977.076048751704,16029.35146434444,305.2979051028816
2025-04-01,2025-03-31,2025-02-04,2025-03-31,9053.950086851855,8751.362439851853,71281.40270742797,68022.04754481584,462.7778028611077,3722.132965473251,0.0,42386.76287669197,956.45537181543,613.2418859042702,42043.54939078081,0.0,42043.54939078081,18632.67787222907,15364.797958805559,4545.316114725654
2025-04-02,2025-04-01,2025-02-05,2025-04-01,8751.362439851853,8683.599321277774,67994.80503794238,65892.75843837188,290.797372788892,2392.843972359396,0.0,40676.95538054115,529.1273874090431,381.6087513035892,40529.43674443569,0.0,40529.43674443569,20108.757123381336,16349.080076655553,1697.7459916460948
2025-04-03,2025-04-02,2025-02-06,2025-04-02,8683.599321277774,4203.74024121605,64072.3875825583,61693.917508230516,57.021841783329535,2435.491916111111,0.0,40046.3789639559,548.07349283325,72.2067582502302,39570.51222937288,0.0,39570.51222937288,14367.54813380659,15669.587160438892,7132.426268196158
2025-04-04,2025-04-03,2025-02-07,2025-04-03,4203.74024121605,4249.515737549382,27994.629397633747,27920.49871096708,0.0,74.13068666666646,0.0,14165.605428139268,36.58720040433323,0.0,14129.018227734934,0.0,14129.018227734934,14293.114949972563,11536.22516277778,18732.80667377229
2025-04-05,2025-04-04,2025-02-08,2025-04-04,4249.515737549382,8848.987676981482,32892.86571787222,32968.724113077784,75.858395205558,0.0,0.0,16204.834001150255,0.0,132.32027032632868,16337.154271476586,0.0,16337.154271476586,19294.89350458848,11489.338993227779,13119.054618383747
2025-04-06,2025-04-05,2025-02-09,2025-04-05,8848.987676981482,8752.251648432099,65726.76007598765,63656.82610054869,3.57597888889012,2073.5099543278466,0.0,38807.591153047455,480.5892339680065,4.100217394001411,38331.10213647345,0.0,38331.10213647345,20598.077789266124,16771.505435,5420.1774796159025
2025-04-07,2025-04-06,2025-02-10,2025-04-06,8752.251648432099,8890.727114746915,57654.685511786556,57180.22540367914,1471.279685781468,1945.7397938888878,0.0,34321.14789624386,426.4260199806386,2890.633401151586,36785.35527741481,0.0,36785.35527741481,19545.850231556924,15707.510767877782,99.16665666666677
2025-04-08,2025-04-07,2025-02-11,2025-04-07,8890.727114746915,8653.420724679016,66827.7371705144,65231.34618997256,24.38263833333258,1620.7736188751699,0.0,40230.12711176634,363.05833012902986,30.31580425649893,39897.38458589381,0.0,39897.38458589381,19661.4330268107,16139.336502777776,7356.056049272977
2025-04-09,2025-04-08,2025-02-12,2025-04-08,8653.420724679016,8762.70192182716,65477.418197791485,66530.718344417,1089.4503466255105,36.15020000000004,0.0,39091.37036854999,12.470011490000013,998.3044419456751,40077.204799005674,0.0,40077.204799005674,21385.997305473247,17224.30474,3234.7147622770835
2025-04-10,2025-04-09,2025-02-13,2025-04-09,8762.70192182716,4141.103106364195,58263.19265628258,56944.37725351853,0.0,1318.8154027640592,0.0,36349.631527218036,296.4908479665578,0.0,36053.14067925148,0.0,36053.14067925148,15574.298958127572,16774.62109,3684.0614853909483
2025-04-11,2025-04-10,2025-02-14,2025-04-10,4141.103106364195,3902.805142018517,26427.42738993066,26565.78630804733,138.35891811666625,0.0,206.80204655555605,13180.477062270369,0.0,210.72953317915434,13391.206595449523,844.7739530803353,14235.980548529858,14084.408539547327,11622.83908494444,18994.368733333333
2025-04-12,2025-04-11,2025-02-15,2025-04-11,3902.805142018517,9076.34467745062,33745.63228107223,33779.089499405556,33.45721833333175,0.0,0.0,16861.44390519757,0.0,61.3571927014971,16922.80109789907,0.0,16922.80109789907,18842.25790361454,10606.043320038887,16517.714365829903
2025-04-13,2025-04-12,2025-02-16,2025-04-12,9076.34467745062,8996.92611583951,60876.800216165975,59134.34073537064,99.84637657777839,1842.3058573731148,0.0,36189.79832164165,407.7947580002811,177.93394496325405,35959.93750860462,0.0,35959.93750860462,20300.242665534974,16514.67326453333,1072.4128510356677
2025-04-14,2025-04-13,2025-02-17,2025-04-13,8996.92611583951,8681.390226166666,64240.32889285323,62369.747733031,110.9391840666691,1981.5203438888898,32.8461799999983,38631.709510574794,434.3175080256947,134.65798162012294,38332.04998416922,229.13495167998812,38561.1849358492,18839.751415233186,15544.180947044442,6578.991644842248
2025-04-15,2025-04-14,2025-02-18,2025-04-14,8681.390226166666,8825.450292975305,56468.071837565156,55956.505035814815,867.7653065555564,1379.3321083058968,0.0,33536.2104846069,299.0923423780068,1707.6718794689182,34944.79002169781,0.0,34944.79002169781,19840.23244131001,15940.934217333335,1917.7779785048037
2025-04-16,2025-04-15,2025-02-19,2025-04-15,8825.450292975305,8746.871881333333,62918.61089050754,61264.90287795501,199.95362073278665,1853.6616332853214,0.0,36859.052442310385,414.83095897385545,377.17796459514904,36821.399447931675,0.0,36821.399447931675,19966.443025720175,16243.539421311112,1762.4073235459507
2025-04-17,2025-04-16,2025-02-20,2025-04-16,8746.871881333333,3893.4324771419733,50750.05070442387,52128.65204722223,1378.6013427983637,0.0,0.0,31971.062809559055,0.0,1025.5019116124636,32996.56472117151,0.0,32996.56472117151,14972.75329369685,16496.025631666667,783.5820351920464
2025-04-18,2025-04-17,2025-02-21,2025-04-17,3893.4324771419733,3824.4842198888905,26429.467728960426,26327.036697293763,0.0,102.43103166666612,0.0,13209.15073698721,50.55483567908306,0.0,13158.595901308126,0.0,13158.595901308126,13342.293497407409,10869.311164427776,17499.937180980796
2025-04-19,2025-04-18,2025-02-22,2025-04-18,3824.4842198888905,8846.644447277775,32161.187966877773,32170.320692511104,9.132725633331944,0.0,0.0,15362.733416216512,0.0,13.522370208992943,15376.255786425505,0.0,15376.255786425505,18908.92296834705,10796.283399711116,17273.001873875168
2025-04-20,2025-04-19,2025-02-23,2025-04-19,8846.644447277775,9109.461974228396,57922.13074344993,56523.24165268485,193.50419367935774,1592.3932844444448,0.0,34641.5785209943,349.727570543889,362.32814098969135,34654.179091440106,0.0,34654.179091440106,20059.28086502744,16011.481726416667,517.6976307407383
2025-04-21,2025-04-20,2025-02-24,2025-04-20,9109.461974228396,8723.080400932098,61399.204095514404,59885.553089444446,57.893093703702675,1571.5440997736614,0.0,36440.34622125762,352.3984416378588,41.5527680058326,36129.50054762559,0.0,36129.50054762559,18402.50751046639,15253.774499444447,8219.909695089165
2025-04-22,2025-04-21,2025-02-25,2025-04-21,8723.080400932098,8827.624782598767,54790.84548954047,56070.53335783656,1279.6878682960885,0.0,0.0,32755.10953648591,0.0,2537.8091984768866,35292.9187349628,0.0,35292.9187349628,18568.635435754462,14946.504759461115,295.4733648765407
2025-04-23,2025-04-22,2025-02-26,2025-04-22,8827.624782598767,9009.709200419753,52824.66749806584,55242.42376779718,2417.756269731338,0.0,0.0,31724.49996235696,0.0,3944.474233901037,35668.974196257994,0.0,35668.974196257994,17938.964553113852,14366.685311983338,270.2278100000002
2025-04-24,2025-04-23,2025-02-27,2025-04-23,9009.709200419753,3276.7580006851886,48179.29133073388,47723.44446006173,0.0,455.84687067215236,0.0,29963.768441254066,96.00887953868765,0.0,29867.759561715382,0.0,29867.759561715382,12747.049460514405,15484.766142777778,3371.0544423251017
2025-04-25,2025-04-24,2025-02-28,2025-04-24,3276.7580006851886,3081.837930734571,25932.452062846984,25853.632476735867,0.0,78.81958611111139,0.0,13008.565614526146,38.901406725139026,0.0,12969.664207801006,0.0,12969.664207801006,12776.980298209877,10524.782104505557,21601.076633031545
2025-04-26,2025-04-25,2025-03-01,2025-04-25,3081.837930734571,8906.631001197535,32424.29404956111,32424.29404956111,0.0,0.0,0.0,15671.769892347398,0.0,0.0,15671.769892347398,0.0,15671.769892347398,19178.310553456788,10292.117784883336,23467.907647654323
2025-04-27,2025-04-26,2025-03-02,2025-04-26,8906.631001197535,8721.295990907407,53639.30869793553,54716.44396695,1077.135269014474,0.0,0.0,32108.895058289876,0.0,1237.5009570625043,33346.39601535238,0.0,33346.39601535238,19877.829700836766,16267.84356693889,2532.986649718788
2025-04-28,2025-04-27,2025-03-03,2025-04-27,8721.295990907407,8922.555299333335,65957.8170690192,65967.03450871055,23.909517880655102,14.692078189301355,0.0,38652.47713960289,3.6781617746915947,40.82658542526544,38689.62556325347,0.0,38689.62556325347,19993.822099897116,16013.862523333337,5365.107615480112
2025-04-29,2025-04-28,2025-03-04,2025-04-28,8922.555299333335,9007.995776444444,55516.618695555546,55288.2615499611,429.80481329444024,658.1619588888888,0.0,33180.29445280001,135.35100684549997,830.4473700068527,33875.39081596135,0.0,33875.39081596135,18052.07337927983,14545.28300781667,4348.257461831274
2025-04-30,2025-04-29,2025-03-05,2025-04-29,9007.995776444444,8740.97050951852,52531.24916536111,53542.474013838466,1011.2248484773659,0.0,0.0,31949.368248924126,0.0,648.9428493101725,32598.3110982343,0.0,32598.3110982343,18454.404515727027,15188.390397972224,2019.6054627503365
2025-05-01,2025-04-30,2025-03-06,2025-04-30,8740.97050951852,1890.333938728394,48865.90450345679,48872.002996927295,269.5615849999994,263.46309152949584,1330.1820711111136,30706.232010780113,54.18118477304082,520.8334164577489,31172.884242464817,8285.357213446407,39458.24145591122,12982.438684032919,16681.34824777778,2889.7158317832664
2025-05-02,2025-05-01,2025-03-07,2025-05-01,1890.333938728394,2166.4537123518508,28802.998618539095,28879.041192861318,76.04257432222329,0.0,1020.6092177777768,14535.248855417874,0.0,139.45447704952528,14674.703332467401,5705.497934816183,20380.201267283584,14088.030621735255,11162.797007344445,12684.09671291495
2025-05-03,2025-05-02,2025-03-08,2025-05-02,2166.4537123518508,8379.859683592591,34243.49380476681,34317.67643754458,74.18263277777663,0.0,1384.666507777776,16388.770214686345,0.0,109.83851522241497,16498.60872990876,7812.622663467486,24311.23139337624,19940.16288642661,10559.466563888891,17454.474972784636
2025-05-04,2025-05-03,2025-03-09,2025-05-03,8379.859683592591,8209.303464407407,60255.65351048697,57627.33877921811,66.2476922222217,2694.562423491086,1264.7733466666687,35585.72645944389,591.2439227180779,128.00047852716565,35122.483015252976,7861.585610207512,42984.068625460495,17256.460973196154,14131.233985555553,4032.217804910845
2025-05-05,2025-05-04,2025-03-10,2025-05-04,8209.303464407407,8247.803668925926,62428.55783510287,60920.976078991764,0.0,1507.5817561111096,918.575419444443,37457.24162776753,338.4635689737496,0.0,37118.77805879378,5908.440920256101,43027.21897904988,19652.33000502057,15883.737120000002,2994.9518134156388
2025-05-06,2025-05-05,2025-03-11,2025-05-05,8247.803668925926,8056.609096407406,53262.888515850485,55153.84804194102,1890.9595260905332,0.0,2140.5975359722197,32036.33596344376,0.0,2088.665356458139,34125.001319901894,12311.418122721372,46436.41944262327,19488.92973578189,15958.108201250001,893.5416767146851
2025-05-07,2025-05-06,2025-03-12,2025-05-06,8056.609096407406,8229.161317611113,57165.5576090535,58663.68551425514,1498.1279052016398,0.0,1055.247256611106,34520.12779490206,0.0,1400.877917839493,35921.00571274155,6823.218884301575,42744.224597043125,20472.841791529492,16427.704852055558,605.9498813923158
2025-05-08,2025-05-07,2025-03-13,2025-05-07,8229.161317611113,2690.5902094781286,58495.096686700956,56317.33083667174,229.1017114111097,2406.86756144033,508.1472555222221,35400.95289633961,533.857733056784,452.4524042780806,35319.547567560905,2938.6328993156462,38258.180466876554,13273.588255905344,15736.320484603017,3461.697920891632
2025-05-09,2025-05-08,2025-03-14,2025-05-08,2690.5902094781286,3043.6444884259263,27778.705442225946,28083.019960003727,304.31451777777875,0.0,443.7594261111089,14014.502714405337,0.0,558.0823941526684,14572.585108558003,2535.811884844152,17108.39699340216,13513.314213234176,10628.035661666665,17142.114984547326
2025-05-10,2025-05-09,2025-03-15,2025-05-09,3043.6444884259263,8425.124880666666,33797.03778258643,34178.98044718086,381.94266459444196,0.0,308.0497083333347,16559.575496520345,0.0,700.8673429323029,17260.442839452648,1704.9716815266763,18965.414520979328,18876.80287589849,10446.87797646111,13936.059972743482
2025-05-11,2025-05-10,2025-03-16,2025-05-10,8425.124880666666,8441.897700314814,62715.480794403295,60940.152777016876,364.6090584777779,2139.937075864197,637.814792777775,36934.59706948518,470.27561863193506,721.5777175990838,37185.89916845233,4439.480354409425,41625.37952286175,18831.764722613174,15238.633887633336,2500.7576514814764
2025-05-12,2025-05-11,2025-03-17,2025-05-11,8441.897700314814,8676.020788629628,55222.80482734569,55640.56891901235,971.396698333334,553.6326066666666,217.33523154999773,33253.038638457074,113.85454556099998,1940.6958096790017,35079.87990257508,1408.428709287784,36488.30861186286,17466.793806090544,13937.392203450003,397.3073145884788
2025-05-13,2025-05-12,2025-03-18,2025-05-12,8676.020788629628,8715.2044575,64895.38579175583,62801.79086430041,483.50278666666867,2577.0977141220837,192.21292465000164,38120.37857965209,580.1767253502784,926.502730225921,38466.70458452773,1181.1230525044098,39647.82763703214,17759.52980192044,14349.953837572219,6455.2150579355275
2025-05-14,2025-05-13,2025-03-19,2025-05-13,8715.2044575,8508.274995753087,62660.22664314958,62681.204144466465,20.977501316872036,0.0,0.0,37990.189841754545,0.0,17.879124372370036,38008.06896612691,0.0,38008.06896612691,18134.158638244175,14874.905012550002,6407.801735438955
2025-05-15,2025-05-14,2025-03-20,2025-05-14,8508.274995753087,3171.478799506172,54733.27158660494,54804.234326666665,90.1731049451285,19.21036488340178,0.0,35481.549823612964,4.257016858161834,60.36638510551627,35537.65919186032,0.0,35537.65919186032,12660.377271659812,15058.022166666666,4436.820938340188
2025-05-16,2025-05-15,2025-03-21,2025-05-15,3171.478799506172,2713.662929703702,27390.887947467767,27258.622347467764,0.0,132.26560000000103,0.0,14740.642815889329,80.85396128000062,0.0,14659.788854609327,0.0,14659.788854609327,12119.502249739367,10228.83110511111,22652.444669506174
2025-05-17,2025-05-16,2025-03-22,2025-05-16,2713.662929703702,8735.857836975309,34757.922233822224,34718.02618382222,0.0,39.8960500000008,0.0,17711.207692083684,24.388455365000485,0.0,17686.819236718686,0.0,17686.819236718686,19128.38775919067,10074.0186684,15214.858009698217
2025-05-18,2025-05-17,2025-03-23,2025-05-17,8735.857836975309,9084.093729092592,66807.79837342935,63879.20255498629,1.626296296296232,2930.2221147393693,5.2366666666667925,39862.82730712587,644.9202989787068,1.221429833333285,39219.12843798049,35.31869833333418,39254.44713631383,18734.31983143347,14861.386760555555,6335.338050775035
2025-05-19,2025-05-18,2025-03-24,2025-05-18,9084.093729092592,8819.87247230247,59671.833978559676,57755.63890711934,32.52640388888938,1948.7214753292185,67.00333333333344,35869.55425168605,428.62547313132416,65.37807181666766,35506.3068503714,451.90398166666745,35958.210832038065,17192.702499314124,14163.888155555553,7278.6113466941015
2025-05-20,2025-05-19,2025-03-25,2025-05-19,8819.87247230247,8818.540332117285,59593.641821446974,58721.5097895871,1131.8551664391634,2003.9871982990353,0.0,35977.691038827994,441.63438759447445,2279.000122751183,37815.0567739847,0.0,37815.0567739847,17259.11819554184,13981.084664555558,916.0814419341542
2025-05-21,2025-05-20,2025-03-26,2025-05-20,8818.540332117285,8980.858737499997,55699.16755986968,56078.38304302483,379.2154831551457,0.0,0.0,34487.78454564139,0.0,755.6219165639326,35243.40646220532,0.0,35243.40646220532,17588.43188223594,14100.543259766666,1227.8791372222217
2025-05-22,2025-05-21,2025-03-27,2025-05-21,8980.858737499997,3348.3500529259254,51563.2565876749,50910.64771245542,0.0,652.6088752194819,2.57000000000005,33391.11643206778,138.1700969839345,0.0,33252.94633508384,17.333365000000338,33270.27970008384,11402.723565836768,14305.463904444445,2999.327234396432
2025-05-23,2025-05-22,2025-03-28,2025-05-22,3348.3500529259254,3362.4102205617323,27012.535480535393,27044.247798313172,31.712317777778708,0.0,0.0,14368.99054434897,0.0,59.20848290700173,14428.19902725597,0.0,14428.19902725597,12317.59686235254,9964.59930763333,18270.30136026063
2025-05-24,2025-05-23,2025-03-29,2025-05-23,3362.4102205617323,9723.151565265434,34866.01934482778,34866.01934482778,0.0,0.0,0.0,18155.442074641454,0.0,0.0,18155.442074641454,0.0,18155.442074641454,19112.594398991772,9756.534252950001,21755.457815452675
2025-05-25,2025-05-24,2025-03-30,2025-05-24,9723.151565265434,9310.860667148148,60399.780495274346,58057.90393080932,2.7949794238661525,2344.671543888889,0.0,36622.59364482414,514.4080482587501,1.9545291111096006,36110.1401256765,0.0,36110.1401256765,15986.21661114541,13319.897263333334,6846.574399663911
2025-05-26,2025-05-25,2025-03-31,2025-05-25,9310.860667148148,9382.808832925924,58536.46910995885,59918.214511213984,1402.1087270438907,20.363325788750558,0.0,36063.573160200496,4.512512994787124,1058.4201436557018,37117.48079086141,0.0,37117.48079086141,18744.714215061726,15118.465165000001,1712.1325111522606
2025-05-27,2025-05-26,2025-04-01,2025-05-26,9382.808832925924,9191.386104407406,55167.68553545556,55430.48537339794,262.79983794238683,0.0,0.0,34493.325019414275,0.0,162.13436001855555,34655.45937943283,0.0,34655.45937943283,17333.359919053495,14212.301990099997,2919.0601444444455
2025-05-28,2025-05-27,2025-04-02,2025-05-27,9191.386104407406,9470.311981314817,63948.62765404665,61505.61444299726,0.0,2443.0132110493814,0.0,38420.17674942753,537.3284971318238,0.0,37882.8482522957,0.0,37882.8482522957,18256.545280240054,14536.768387777778,5512.013450534977
2025-05-29,2025-05-28,2025-04-03,2025-05-28,9470.311981314817,3281.973076222221,55115.687298477365,53097.748283045265,0.0,2017.9390154321,17.817433333333497,34742.37255567802,443.211328570704,0.0,34299.16122710732,119.77769558333443,34418.93892269065,11919.325999828528,15224.15907444444,2310.2752909945098
2025-05-30,2025-05-29,2025-04-04,2025-05-29,3281.973076222221,3851.706749703705,27929.067935549523,27929.067935549523,0.0,0.0,0.0,15295.776139423904,0.0,0.0,15295.776139423904,0.0,15295.776139423904,12710.260522990398,9782.550717488888,18405.124863381345
2025-05-31,2025-05-30,2025-04-05,2025-05-30,3851.706749703705,9829.379909765432,36954.24855026667,36954.24855026667,0.0,0.0,0.0,19744.671423932043,0.0,0.0,19744.671423932043,0.0,19744.671423932043,18584.033619903974,9673.161388066665,19654.19476842936
2025-06-01,2025-05-31,2025-04-06,2025-05-31,9829.379909765432,7780.912138777779,78199.42427210562,78336.62209592084,935.2333319222216,798.0355081069965,1151.755342888891,48040.419699493104,226.72188785319773,1164.5776297801422,48978.27544142006,7042.005979076235,56020.28142049629,19155.240278696845,17359.365619633332,6467.67647974622
2025-06-02,2025-06-01,2025-04-07,2025-06-01,7780.912138777779,7713.998595796296,81491.41994486284,79593.7752617663,1722.643470380859,3620.288153477364,950.5843394444454,50226.23315425409,855.1372587626199,2431.047766531309,51802.14366202278,5883.216467477784,57685.360129500565,20350.17434584362,16543.863408816673,8097.241214183812
2025-06-03,2025-06-02,2025-04-08,2025-06-02,7713.998595796296,7933.69700088889,75481.94229783189,73936.21551848423,2026.7224696777828,3572.449249025447,931.1579136333324,46037.24830492417,880.5869169379378,3445.1223134228508,48601.783701409084,5639.651144135295,54241.43484554438,20378.200632860084,16308.61394803333,2605.419913957475
2025-06-04,2025-06-03,2025-04-09,2025-06-03,7933.69700088889,7898.992887166666,85859.36537982167,82860.03907679944,1167.340363644445,4166.666666666666,758.4866099722198,53181.44546304816,967.5,1651.006064173585,53864.95152722175,4731.64380995954,58596.59533718129,18143.533797846365,14727.496078605556,10557.227150864193
2025-06-05,2025-06-04,2025-04-10,2025-06-04,7898.992887166666,1560.7542911296289,67947.0765410965,68998.65751190748,3190.1407171278406,2138.559746316868,987.0039980500036,42234.73643822185,579.6146009210078,5417.052706992938,47072.174544293775,6063.583146686635,53135.757690980405,14994.010662290812,17849.563372888886,1691.896203888889
2025-06-06,2025-06-05,2025-04-11,2025-06-05,1560.7542911296289,1950.449848969135,35102.93342185872,35615.07998380727,978.4397825041128,466.29322055555525,794.397025733332,19693.443318676065,95.89320080724994,1380.1916736100738,20977.741791478893,4894.483721819089,25872.225513297984,14868.666172345676,11692.893597544446,2378.7090347393705
2025-06-07,2025-06-06,2025-04-12,2025-06-06,1950.449848969135,8074.991666962962,46620.06392465706,46700.33557406591,732.3859710755195,652.1143216666666,600.8902536111113,23969.97412804183,134.10731025074998,1280.1821973160172,25116.0490151071,4155.054419736112,29271.10343484321,20646.56832828532,11211.632709716667,6739.7770424417
2025-06-08,2025-06-07,2025-04-13,2025-06-07,8074.991666962962,8752.860418833332,75838.70513822036,73160.68169143148,1142.4368226555557,3820.4602694444447,86.02013000000022,46449.95142836774,892.1961117469999,2301.947138081957,47859.702454702696,581.0796713283348,48440.78212603104,18324.90308032921,14233.089618383332,3969.965092818935
2025-06-09,2025-06-08,2025-04-14,2025-06-08,8752.860418833332,8564.298466425926,83829.66367025377,80327.33130664608,294.54708388889134,3796.879447496568,94.39153333333354,52757.578327585805,891.4532583776692,304.81204976241924,52170.937118970556,636.5222218333347,52807.459340803885,19886.265971262008,16277.58119388889,5880.325329272979
2025-06-10,2025-06-09,2025-04-15,2025-06-09,8564.298466425926,8678.554708462965,78456.26751739177,77664.29600447456,93.17446281666426,885.14597573388,9.518935000000283,48602.548479863246,245.2650356382444,111.41802263616712,48468.70146686116,64.31577032416857,48533.01723718533,22353.61040734568,18003.593812116666,1705.3541109122098
2025-06-11,2025-06-10,2025-04-16,2025-06-10,8678.554708462965,8878.51760488889,83928.59128398003,84775.10809322557,865.4486092455402,18.931799999999953,152.1869853777794,53166.91433788969,7.9911127799999795,1010.1544631690517,54169.07768827874,834.3302418778742,55003.40793015661,23633.83277807955,18963.43794346111,4172.453927318244
2025-06-12,2025-06-11,2025-04-17,2025-06-11,8878.51760488889,3438.6579984691375,75768.03542975307,73057.45764514402,23.900250000000426,2734.478034609051,0.0,48916.95251458542,664.0474638663596,30.26488657500054,48283.16993729405,0.0,48283.16993729405,14684.927365980802,16790.664812222225,2710.8036580521175
2025-06-13,2025-06-12,2025-04-18,2025-06-12,3438.6579984691375,3523.5843891790114,35429.07987146776,35566.976420412204,137.89654894444521,0.0,0.0,20414.428974534647,0.0,259.0988616382931,20673.52783617294,0.0,20673.52783617294,13420.564176851847,10794.223231611111,4595.321775171469
2025-06-14,2025-06-13,2025-04-19,2025-06-13,3523.5843891790114,9119.88055417901,42522.95451897119,42291.79022444444,0.0,231.1642945267496,0.0,23660.759984680466,47.53893716942605,0.0,23613.22104751104,0.0,23613.22104751104,18895.618105829904,10268.784117222223,7471.613485836764
2025-06-15,2025-06-14,2025-04-20,2025-06-14,9119.88055417901,9897.225813074076,78499.0395777915,79467.6875663786,968.6479885871001,0.0,0.0,49214.25224685978,0.0,961.9763483568358,50176.22859521662,0.0,50176.22859521662,22937.52455377915,17879.784155555553,3782.9728348216695
2025-06-16,2025-06-15,2025-04-21,2025-06-15,9897.225813074076,9645.825654777778,81021.41118929615,81588.88360957324,567.4724202770889,0.0,203.2927305666733,51060.24778693703,0.0,652.3296035740117,51712.57739051104,1006.0479582401831,52718.62534875122,22297.90507144032,18287.56325033333,5087.7817023662565
2025-06-17,2025-06-16,2025-04-22,2025-06-16,9645.825654777778,9476.206022277776,82987.7335257956,83652.94805741913,665.2145316235303,0.0,18.42167500000005,52332.58038467364,0.0,581.9868319416568,52914.567216615294,124.18972201250034,53038.7569386278,22296.768563401918,18213.040205605546,4950.630157956104
2025-06-18,2025-06-17,2025-04-23,2025-06-17,9476.206022277776,9764.255594907407,84013.28589806583,82939.7492744033,0.0,1073.5366236625484,0.0,52711.86531570161,299.09350955691275,0.0,52412.7718061447,0.0,52412.7718061447,20349.84419386831,16224.129181666667,7885.643362201652
2025-06-19,2025-06-18,2025-04-24,2025-06-18,9764.255594907407,4264.95826988889,72726.6181158642,69209.4002047753,577.7903094666655,4095.008220555555,30.32339166666668,46883.08257514554,990.0999724078137,1163.1886066168977,47056.17120935462,204.42514492083342,47260.59635427546,12890.897913189301,15390.994902199998,3480.3163854526765
2025-06-20,2025-06-19,2025-04-25,2025-06-19,4264.95826988889,4710.230432746914,35958.159053265976,35958.159053265976,0.0,0.0,0.0,21694.615039675133,0.0,0.0,21694.615039675133,0.0,21694.615039675133,12801.214176303156,9968.238536233333,10724.602563196157
2025-06-21,2025-06-20,2025-04-26,2025-06-20,4710.230432746914,10562.475977345683,41838.79078663889,41838.79078663889,0.0,0.0,0.0,23772.230800613503,0.0,0.0,23772.230800613503,0.0,23772.230800613503,19422.498833539095,10465.203065027774,13546.754618127574
2025-06-22,2025-06-21,2025-04-27,2025-06-21,10562.475977345683,10140.677131679016,77362.97919266802,74625.17552265768,14.242043494448694,2752.045713504798,0.0,48274.99497850243,655.8440906168181,28.62650742384188,47647.77739530945,0.0,47647.77739530945,19671.063847551435,16313.180677616663,3809.9512527229035
2025-06-23,2025-06-22,2025-04-28,2025-06-22,10140.677131679016,10063.282098407408,78803.49439471996,75667.76792971996,0.0,3135.7264649999997,0.0,50246.27824236241,739.8353499888331,0.0,49506.442892373576,0.0,49506.442892373576,19684.707629993132,16014.268710238886,4936.043009965711
2025-06-24,2025-06-23,2025-04-29,2025-06-23,10063.282098407408,10114.880735462963,90222.17956010287,89477.95742223594,9.9164499999996,754.1385878669421,0.0,57863.831686955586,214.25077281299826,13.027240364999475,57662.60815450759,0.0,57662.60815450759,21580.874936234562,17434.069925000003,9062.36016100137
2025-06-25,2025-06-24,2025-04-30,2025-06-24,10114.880735462963,10397.137748074074,81137.36194888203,77649.61663438106,393.50420053333403,3881.2495150342957,0.0,50787.548090103526,969.6047239112197,791.5295964256014,50609.4729626179,0.0,50609.4729626179,19476.14583022633,15521.64681113333,3257.6962486214006
2025-06-26,2025-06-25,2025-05-01,2025-06-25,10397.137748074074,4212.836325216052,70569.61839730453,67541.64292107683,0.0,3027.975476227703,0.0,46510.38581044149,732.0254118975602,0.0,45778.360398543926,0.0,45778.360398543926,12644.003431392315,15807.514059999998,3157.769716351174
2025-06-27,2025-06-26,2025-05-02,2025-06-26,4212.836325216052,5204.135692790122,37722.17235133848,37722.17235133848,0.0,0.0,0.0,22755.20605122006,0.0,0.0,22755.20605122006,0.0,22755.20605122006,12573.628721858708,9292.469833888888,14669.36759670199
2025-06-28,2025-06-27,2025-05-03,2025-06-27,5204.135692790122,10724.342689296294,42224.39916259999,42224.39916259999,0.0,0.0,0.0,24311.39366532259,0.0,0.0,24311.39366532259,0.0,24311.39366532259,19508.221268628255,10833.472930733333,11772.724708038411
2025-06-29,2025-06-28,2025-05-04,2025-06-28,10724.342689296294,10469.559027364201,75860.61297096708,74569.54556540748,1732.3688325405335,3023.4362381001424,0.0,47692.04467537093,712.7367967296802,3493.5508048486236,50472.858683489874,0.0,50472.858683489874,17521.113270960217,14421.407045216663,2202.0708063305883
2025-06-30,2025-06-29,2025-05-05,2025-06-29,10469.559027364201,10045.562193259258,82505.07776860081,80936.73122660493,0.0,1568.3465419958861,0.0,52462.96137374562,408.9782111496826,0.0,52053.983162595934,0.0,52053.983162595934,18614.790399691352,15459.577374444443,7903.834218024694
2025-07-01,2025-06-30,2025-05-06,2025-06-30,10045.562193259258,8061.7476792222205,73248.37583874486,79912.31087698415,6663.935038239291,0.0,713.7277856333322,45952.878459299835,0.0,10699.878489249335,56652.75694854917,4308.898367639792,60961.65531618896,18588.812413600826,16842.371117650007,13.05333333333374
2025-07-02,2025-07-01,2025-05-07,2025-07-01,8061.7476792222205,7999.647356907408,71239.18236844309,75938.3677626799,4699.185394236828,0.0,760.4761246666644,44890.292808011916,0.0,5704.5925606676,50594.88536867952,4827.417608836317,55422.302977515836,20209.511284718792,16425.594430705558,10.160666666666657
2025-07-03,2025-07-02,2025-05-08,2025-07-02,7999.647356907408,2019.3870279691355,73781.42580636489,76698.70318806125,3431.570490516674,514.2931088203013,930.4442800777774,47397.15459547595,143.81015196197617,4793.040624908549,52046.38506842252,5410.081079856738,57456.46614827926,16398.760404698216,18665.230223849994,135.19835395747577
2025-07-04,2025-07-03,2025-05-09,2025-07-03,2019.3870279691355,1955.7578965679018,36643.215673120714,38430.87076978738,1787.655096666666,0.0,2684.487855416668,21109.85277096723,0.0,2731.061098896249,23840.913869863478,11014.71671556338,34855.63058542686,13247.548693676265,10787.780660138887,9774.723125000002
2025-07-05,2025-07-04,2025-05-10,2025-07-04,1955.7578965679018,8135.356376907408,44714.11064288066,46870.689392325105,2156.578749444443,0.0,1674.9784996222202,24673.46294077412,0.0,3360.96435239158,28034.427293165703,7726.811457794967,35761.23875096066,20079.533515658433,10702.783515377778,10378.837924999998
2025-07-06,2025-07-05,2025-05-11,2025-07-05,8135.356376907408,8058.151703666667,74884.90456226372,81405.26558961174,6520.361027348014,0.0,2836.523889366672,47349.85304047553,0.0,7388.522104072584,54738.375144548125,16022.409558203532,70760.78470275165,23033.302467283953,18726.459204416657,140.96466611111146
2025-07-07,2025-07-06,2025-05-12,2025-07-06,8058.151703666667,8137.535865666667,76201.35029071331,79507.54417351165,3306.1938827983518,0.0,1226.4931456611162,47788.83659139782,0.0,2548.345944115072,50337.18253551289,6885.286800421389,57222.46933593427,21846.845036522634,17624.49873378333,3102.208249766793
2025-07-08,2025-07-07,2025-05-13,2025-07-07,8137.535865666667,9020.753098913583,86479.73204189815,85110.19231839266,387.4201116111148,1756.9598351166023,69.09558666666669,54619.69854924931,442.1849752375754,524.2356701692058,54701.74924418094,470.98207558666684,55172.731319767605,21317.589852681755,16472.352270749994,4762.663306460901
2025-07-09,2025-07-08,2025-05-14,2025-07-08,9020.753098913583,9068.280247685183,85766.36298583346,83654.82577796982,356.6340515666626,2468.1712594303144,76.42593166666643,53885.81704635709,604.5010478990225,566.6741104233588,53847.99010888143,515.3312823583318,54363.321391239755,20589.850314821666,16635.00432111111,5717.680699259258
2025-07-10,2025-07-09,2025-05-15,2025-07-09,9068.280247685183,3353.0995430061753,72344.19642902605,73253.31385628258,910.6476439917685,1.5302167352538163,49.65599999999995,47540.43559035235,0.36610435390947554,820.1975925844476,48360.26707858288,334.57315241666635,48694.84023099954,15501.966606598078,17700.255585555555,2647.6354519067218
2025-07-11,2025-07-10,2025-05-16,2025-07-10,3353.0995430061753,3417.158957765432,43001.11239381344,43206.25046084677,205.13806703333154,0.0,0.0,26021.009256257254,0.0,238.90682111354116,26259.916077370795,0.0,26259.916077370795,13836.38489842935,11149.818294444443,8000.906706861862
2025-07-12,2025-07-11,2025-05-17,2025-07-11,3417.158957765432,9008.384411030866,48117.10778382716,48191.93417983827,74.8263960111118,0.0,0.0,27568.58636597952,0.0,144.57582105286966,27713.162187032394,0.0,27713.162187032394,19866.613573710565,11059.854086766667,8300.93135956104
2025-07-13,2025-07-12,2025-05-18,2025-07-12,9008.384411030866,9131.872735722225,84852.0190893347,82638.26034044582,0.0,2213.758748888886,88.08293000000026,54543.20842398543,501.0769212701381,0.0,54042.131502715296,593.1913280016685,54635.322830716956,19756.538576817562,15891.656754999998,9593.741048628255
2025-07-14,2025-07-13,2025-05-19,2025-07-13,9131.872735722225,8955.375570660495,80694.15902473938,79175.37844256283,374.44626103333485,1893.226843209874,32.12411333333307,50343.4724373105,464.35501206386766,753.0944969389781,50632.21192218561,216.40064944749824,50848.6125716331,19264.985540288064,15763.485736188886,3898.323535130314
2025-07-15,2025-07-14,2025-05-20,2025-07-14,8955.375570660495,10212.403715808645,89024.03887346364,86102.85985706447,0.0,2921.1790163991786,0.0,56153.08785919029,680.9301090082587,0.0,55472.15775018203,0.0,55472.15775018203,20027.736867722906,15091.141532222222,8417.213938230452
2025-07-16,2025-07-15,2025-05-21,2025-07-15,10212.403715808645,10028.603062234568,83902.40184880658,81731.02427047325,70.1144000000011,2241.4919783333307,0.0,54089.048283062235,494.49682812844367,80.39317104000125,53674.944625973796,0.0,53674.944625973796,18052.397476138543,14787.862543888888,6331.925954890257
2025-07-17,2025-07-16,2025-05-22,2025-07-16,10028.603062234568,5156.373761833333,76251.05984776406,74112.8669928404,447.4991042944435,2585.6919592181084,0.0,50012.68416003113,605.577024819815,896.8364723233198,50303.94360753463,0.0,50303.94360753463,14246.402520315502,15924.592411816666,3070.6408176748946
2025-07-18,2025-07-17,2025-05-23,2025-07-17,5156.373761833333,5021.254289209878,45916.64240121558,45916.64240121558,0.0,0.0,0.0,28523.35082225653,0.0,0.0,28523.35082225653,0.0,28523.35082225653,13098.063592949246,10731.03903565,12275.369743916326
2025-07-19,2025-07-18,2025-05-24,2025-07-18,5021.254289209878,9763.53333980864,52411.00643846968,52411.00643846968,0.0,0.0,0.0,31523.79525322235,0.0,0.0,31523.79525322235,0.0,31523.79525322235,18937.547753422492,11071.362534733336,17362.002169780524
2025-07-20,2025-07-19,2025-05-25,2025-07-19,9763.53333980864,10068.345114697533,88266.04549191345,85978.0681125856,23.942191666666304,2311.9195709945166,0.0,55785.13198734007,579.7650218265932,48.12380524999928,55253.49077076347,0.0,55253.49077076347,18733.5985773251,14899.884250233328,10054.375568827156
2025-07-21,2025-07-20,2025-05-26,2025-07-20,10068.345114697533,10202.841688623457,88936.9309305583,86528.2709655103,0.0,2408.6599650480093,0.0,56782.551524275215,593.6527894319914,0.0,56188.89873484323,0.0,56188.89873484323,19133.698207379974,15377.248631444445,8782.072039574752
2025-07-22,2025-07-21,2025-05-27,2025-07-21,10202.841688623457,10555.621442956792,87273.72978673868,85577.51271437929,0.0,1696.2170723593936,0.0,56057.42843308773,426.9742202451653,0.0,55630.45421284255,0.0,55630.45421284255,19646.517632729767,15596.17750361111,7732.027968593968
2025-07-23,2025-07-22,2025-05-28,2025-07-22,10555.621442956792,10383.745127734568,97012.22213162552,92961.92518862139,0.0,4050.2969430041157,0.0,62971.75892701017,956.3870368912695,0.0,62015.3718901189,0.0,62015.3718901189,17622.695057846362,14429.071680555557,15551.754694663925
2025-07-24,2025-07-23,2025-05-29,2025-07-23,10383.745127734568,6210.904081450616,90365.50681664608,86246.77460942385,6.307633333331978,4125.039840555555,0.0,60070.71282854295,958.3192035011944,7.885172429998306,59120.27879747174,0.0,59120.27879747174,12508.804873813444,13887.688889444447,14009.18662505487
2025-07-25,2025-07-24,2025-05-30,2025-07-24,6210.904081450616,6012.0729171604935,44674.15614432819,44674.15614432819,0.0,0.0,0.0,27774.28280170996,0.0,0.0,27774.28280170996,0.0,27774.28280170996,14109.224176165982,11607.419630555556,15667.032032051098
2025-07-26,2025-07-25,2025-05-31,2025-07-25,6012.0729171604935,10475.5836818642,51084.1164981701,51084.1164981701,0.0,0.0,0.0,30280.63471777282,0.0,0.0,30280.63471777282,0.0,30280.63471777282,19062.072025253772,11423.11865222222,14976.071558471875
2025-07-27,2025-07-26,2025-06-01,2025-07-26,10475.5836818642,10686.375780567905,88200.71743570644,83923.33166496569,0.0,4277.385770740741,0.0,56531.74469867439,1071.0748398769306,0.0,55460.66985879745,0.0,55460.66985879745,19288.01463093279,15433.578962222222,6383.706196255132
2025-07-28,2025-07-27,2025-06-02,2025-07-27,10686.375780567905,10621.32838777778,91086.45612783366,90169.38056319032,0.0,917.0755646433463,0.0,58539.779384201356,268.2023884470937,0.0,58271.576995754265,0.0,58271.576995754265,19768.472916001367,16071.00571547222,8517.036129327847
2025-07-29,2025-07-28,2025-06-03,2025-07-28,10621.32838777778,10676.309814759261,89214.84140547873,88006.49268672016,0.0,1208.3487187585724,0.0,57273.33576339099,332.7225093099297,0.0,56940.61325408107,0.0,56940.61325408107,19506.234331899865,15750.566524555554,8181.5789293758535
2025-07-30,2025-07-29,2025-06-04,2025-07-29,10676.309814759261,10800.0,82030.13407672838,81728.4299787456,502.52623850555153,804.2303364883411,0.0,52792.9316191043,206.31413303303975,1011.3997915060711,53598.017277577324,0.0,53598.017277577324,19548.38695663922,15722.872268161113,3799.6612402674928
2025-07-31,2025-07-30,2025-06-05,2025-07-30,10800.0,6369.770223969139,80753.79050697183,79099.72601477016,0.0,1654.0644922016486,0.0,52844.03933841002,432.5225982108534,0.0,52411.51674019916,0.0,52411.51674019916,15219.834887887515,16315.273057616665,5500.1679178326485
2025-08-01,2025-07-31,2025-06-06,2025-07-31,6369.770223969139,6294.491667919753,44819.21709459074,44819.21709459074,0.0,0.0,0.0,27859.961403776513,0.0,0.0,27859.961403776513,0.0,27859.961403776513,14262.02440811386,11619.99047101667,20925.823490826882
2025-08-02,2025-08-01,2025-06-07,2025-08-01,6294.491667919753,10713.319531777779,52089.332079496504,52089.332079496504,0.0,0.0,0.0,31280.22718378003,0.0,0.0,31280.22718378003,0.0,31280.22718378003,18845.281755871056,11287.733144783333,23604.75853507545
2025-08-03,2025-08-02,2025-06-08,2025-08-02,10713.319531777779,10014.348158240744,74810.08240381084,73082.76133927723,32.28715157750412,1759.6082161111108,0.0,48348.547186183874,385.30772588424986,22.578405098148632,47985.817865397774,0.0,47985.817865397774,17448.694932681756,14762.517131655553,7557.103554917692
2025-08-04,2025-08-03,2025-06-09,2025-08-03,10014.348158240744,10620.001514703703,80916.72875965707,78700.57919122085,0.0,2216.1495684362144,0.0,52306.48997116514,486.3175643444815,0.0,51820.17240682065,0.0,51820.17240682065,17735.6031697325,13820.750546666666,9370.07148482168
2025-08-05,2025-08-04,2025-06-10,2025-08-04,10620.001514703703,10533.761443623458,78633.99612010288,76859.27761980108,0.0,1774.7185003017817,0.0,50752.667510648775,390.25950636291935,0.0,50362.408004285855,0.0,50362.408004285855,17354.247170679017,14134.556272222222,8487.276988010966
2025-08-06,2025-08-05,2025-06-11,2025-08-05,10533.761443623458,10464.849147419753,86453.74690306584,84829.9382187037,0.0,1623.8086843621425,0.0,56544.70978785768,363.96468709775155,0.0,56180.74510075993,0.0,56180.74510075993,17487.747725068584,14227.096723888888,13454.887950857334
2025-08-07,2025-08-06,2025-06-12,2025-08-06,10464.849147419753,5486.886099734569,81902.17605027434,77752.96984194103,0.0,4149.206208333332,0.0,53297.16580409451,974.2075448429164,0.0,52322.9582592516,0.0,52322.9582592516,10776.186589677636,13208.877880555552,16797.675882818934
2025-08-08,2025-08-07,2025-06-13,2025-08-07,5486.886099734569,5634.510032450621,43660.006914683334,43660.006914683334,0.0,0.0,0.0,26547.87304707586,0.0,0.0,26547.87304707586,0.0,26547.87304707586,13233.440154026066,10586.224985316667,25237.620495973933
2025-08-09,2025-08-08,2025-06-14,2025-08-08,5634.510032450621,10508.63167469136,49505.648182461104,49505.648182461104,0.0,0.0,0.0,29220.64412802758,0.0,0.0,29220.64412802758,0.0,29220.64412802758,18764.17114540466,10812.269149761114,22631.81718681756
2025-08-10,2025-08-09,2025-06-15,2025-08-09,10508.63167469136,10304.144711074076,81219.73544758573,79419.41281652264,0.0,1800.3226310631003,0.0,52712.674121270604,404.624432755617,0.0,52308.04968851498,0.0,52308.04968851498,16714.559307914955,13722.831306666667,11123.065765274348
2025-08-11,2025-08-10,2025-06-16,2025-08-10,10304.144711074076,10121.404454185185,79785.16672816186,77021.69139575446,0.0,2763.475332407405,0.0,50594.78146874876,624.965348450777,0.0,49969.81612029798,0.0,49969.81612029798,18255.354634320982,14951.303485,9156.386913100141
2025-08-12,2025-08-11,2025-06-17,2025-08-11,10121.404454185185,10135.131397500001,85900.75263347737,83007.76180807262,0.0,2892.990825404733,0.0,54557.62060247054,641.8457836752591,0.0,53915.77481879528,0.0,53915.77481879528,17311.888470082304,14010.275411783336,11945.605099773664
2025-08-13,2025-08-12,2025-06-18,2025-08-12,10135.131397500001,10315.257993388892,78129.54189030864,75656.54253055555,0.0,2472.9993597530865,0.0,49520.68930171749,542.1386615250741,0.0,48978.55064019242,0.0,48978.55064019242,17626.570146323727,14115.407882222222,6024.400816454046
2025-08-14,2025-08-13,2025-06-19,2025-08-13,10315.257993388892,5039.153792395066,73355.9412618107,72692.00950093965,0.0,663.9317608710558,0.0,48621.81894834604,151.34365813250778,0.0,48470.47529021354,0.0,48470.47529021354,13534.77819642661,15711.66412,8942.604441179697
2025-08-15,2025-08-14,2025-06-20,2025-08-14,5039.153792395066,5056.2816672839535,44857.286483593416,44857.286483593416,0.0,0.0,0.0,27678.54173307534,0.0,0.0,27678.54173307534,0.0,27678.54173307534,13300.409213991768,10757.916375933335,25155.06676220164
2025-08-16,2025-08-15,2025-06-21,2025-08-15,5056.2816672839535,10252.386632555552,52251.51002675583,52251.51002675583,0.0,0.0,0.0,31606.72313833696,0.0,0.0,31606.72313833696,0.0,31606.72313833696,19520.27597170096,11134.929068333335,26936.88275672154
2025-08-17,2025-08-16,2025-06-22,2025-08-16,10252.386632555552,10167.389661320984,83286.16153195995,79170.80528918217,0.0,4115.356242777778,0.0,52644.80604786639,971.6422751098613,0.0,51673.163772756525,0.0,51673.163772756525,17816.245321426613,14507.655984466666,12696.822335555555
2025-08-18,2025-08-17,2025-06-23,2025-08-17,10167.389661320984,10021.348458,80589.17597587107,78775.79419087106,5.397950000000151,1818.7797349999996,0.0,51933.016667196905,398.2965943604721,6.45486861000018,51541.17494144643,0.0,51541.17494144643,18027.088274087793,14733.378584999999,11087.968885116597
2025-08-19,2025-08-18,2025-06-24,2025-08-18,10021.348458,9924.825100537038,79286.71193520576,77083.33972179012,0.0,2203.3722134156387,4.538833333333173,50817.699073251875,483.4836155991421,0.0,50334.21545765273,30.59854491666559,50364.8140025694,17319.642892942386,14115.781764999998,9566.357377181073
2025-08-20,2025-08-19,2025-06-25,2025-08-19,9924.825100537038,9954.906842814811,88407.92687529656,86545.04020501536,13.057366666666212,1875.9440369478743,0.0,55967.43589743228,479.3905476754092,26.24530699999909,55514.29065675687,0.0,55514.29065675687,19820.455128566522,16027.495086088891,12101.38909587106
2025-08-21,2025-08-20,2025-06-26,2025-08-20,9954.906842814811,5516.779659524693,78513.87416864198,75030.97173425241,0.0,3482.902434389574,0.0,50942.226150038274,808.0324689197167,0.0,50134.19368111856,0.0,50134.19368111856,12418.715155054868,14053.473740555553,10821.311836419765
2025-08-22,2025-08-21,2025-06-27,2025-08-21,5516.779659524693,5329.788072962961,44306.775166496365,44306.775166496365,0.0,0.0,0.0,27241.888226966028,0.0,0.0,27241.888226966028,0.0,27241.888226966028,14020.625485048009,11524.999070794445,20580.5793522428
2025-08-23,2025-08-22,2025-06-28,2025-08-22,5329.788072962961,10055.749336172841,48488.438197111114,48488.438197111114,0.0,0.0,0.0,28146.044505677924,0.0,0.0,28146.044505677924,0.0,28146.044505677924,18296.097866666667,10566.47413511111,18228.808315555558
2025-08-24,2025-08-23,2025-06-29,2025-08-23,10055.749336172841,10356.592463925928,78828.78022917696,77142.11658700273,0.0,1686.6636421742169,0.0,51281.453952168464,371.184138356387,0.0,50910.269813812076,0.0,50910.269813812076,18899.998927956098,15038.240316666666,9546.768492379975
2025-08-25,2025-08-24,2025-06-30,2025-08-24,10356.592463925928,10231.960161111112,100381.552658834,96138.9279880521,0.0,4242.624670781893,0.0,64835.920798250525,993.7017135195473,0.0,63842.219084730976,0.0,63842.219084730976,16578.21616971193,13540.524169999997,22328.14897167353
2025-08-26,2025-08-25,2025-07-01,2025-08-25,10231.960161111112,10377.514342240744,78837.34139131002,77196.6337334705,0.0,1640.707657839505,0.0,51339.60403810932,360.3580195670563,0.0,50979.24601854227,0.0,50979.24601854227,18834.66531236625,15125.080139999998,7958.230177770924
2025-08-27,2025-08-26,2025-07-02,2025-08-26,10377.514342240744,9982.605879611116,79379.82130587776,77866.42815532221,0.0,1513.3931505555538,0.0,51464.3084288041,341.1438955401939,0.0,51123.1645332639,0.0,51123.1645332639,18088.1238237037,15006.797913566665,6870.953378518516
2025-08-28,2025-08-27,2025-07-03,2025-08-27,9982.605879611116,5556.879368709882,73137.29249961591,72498.1702931832,798.8127468388889,1437.934953271602,0.0,47568.30744187899,323.6854195301629,1608.9356071873292,48853.55762953615,0.0,48853.55762953615,14041.660416344308,15356.898797050002,3045.613690555551
2025-08-29,2025-08-28,2025-07-04,2025-08-28,5556.879368709882,5437.975962320987,45436.6951939087,45436.6951939087,0.0,0.0,0.0,27931.909447653994,0.0,0.0,27931.909447653994,0.0,27931.909447653994,13951.936709163236,11408.081800172227,20337.619934917697
2025-08-30,2025-08-29,2025-07-05,2025-08-29,5437.975962320987,9681.704949530867,49502.491867779434,49502.491867779434,0.0,0.0,0.0,29270.86137432453,0.0,0.0,29270.86137432453,0.0,29270.86137432453,18200.20371141289,10922.808917755552,23712.37724078876
2025-08-31,2025-08-30,2025-07-06,2025-08-30,9681.704949530867,9961.148262314813,76725.15240265563,77098.30042507674,373.14802242112785,0.0,0.0,49580.616144346895,0.0,314.95314142928066,49895.569285776175,0.0,49895.569285776175,20251.00410337448,16151.814342227775,6352.487580596714
2025-09-01,2025-08-31,2025-07-07,2025-08-31,9961.148262314813,10800.0,85997.93991731132,81479.22098173518,0.0,4518.718935576131,0.0,54509.79509883925,1100.2569545801089,0.0,53409.53814425913,0.0,53409.53814425913,14933.652191536348,11341.291711227776,24312.725968093288
2025-09-02,2025-09-01,2025-07-08,2025-09-01,10800.0,10800.0,74846.9441612963,73032.65639185185,0.0,1814.2877694444444,0.0,47888.325259596895,402.5232444319166,0.0,47485.80201516498,0.0,47485.80201516498,17156.733675582986,13896.954277222223,15715.121143491091
2025-09-03,2025-09-02,2025-07-09,2025-09-02,10800.0,10800.0,79270.91973016462,76789.08314016461,0.0,2481.836589999997,0.0,50721.6440129291,546.4478025418325,0.0,50175.196210387265,0.0,50175.196210387265,15705.72842798354,12721.640026666668,18257.27748884774
2025-09-04,2025-09-03,2025-07-10,2025-09-03,10800.0,8257.841060388888,71849.67699218106,69832.32759596707,0.0,2017.34939621399,0.0,48030.61690458902,443.9590625836313,0.0,47586.657842005385,0.0,47586.657842005385,14375.902558868303,13932.424118333332,15463.283605432103
2025-09-05,2025-09-04,2025-07-11,2025-09-04,8257.841060388888,8217.92290488889,39222.80879797511,39222.80879797511,0.0,0.0,0.0,24415.20144222654,0.0,0.0,24415.20144222654,0.0,24415.20144222654,14654.164433415635,11905.799531016663,29650.182228909467
2025-09-06,2025-09-05,2025-07-12,2025-09-05,8217.92290488889,10800.0,44565.1742506,44565.1742506,0.0,0.0,0.0,26465.516211070903,0.0,0.0,26465.516211070903,0.0,26465.516211070903,17442.254007544583,11804.356360511112,31206.19290356653
2025-09-07,2025-09-06,2025-07-13,2025-09-06,10800.0,10800.0,72359.70947193415,71471.93406713306,0.0,887.7754048011002,0.0,46828.53255702919,201.40164546023794,0.0,46627.13091156895,0.0,46627.13091156895,17576.642043209868,14237.080054999999,13171.38846225653
2025-09-08,2025-09-07,2025-07-14,2025-09-07,10800.0,10800.0,75838.07965659362,72575.63423881585,0.0,3262.4454177777784,0.0,47854.19693597936,764.4208859301671,0.0,47089.776050049186,0.0,47089.776050049186,17251.939,13974.07059,9902.196295482507
2025-09-09,2025-09-08,2025-07-15,2025-09-08,10800.0,10800.0,64542.76600004801,63740.29092222222,0.0,802.4750778257915,0.0,41647.547690592335,171.88112112594536,0.0,41475.66656946639,0.0,41475.66656946639,18925.02679561042,15329.271704444443,7041.701564389576
2025-09-10,2025-09-09,2025-07-16,2025-09-09,10800.0,10671.699982777778,77138.85787277222,74687.21545954862,0.0,2451.642413223592,0.0,48709.64579557942,652.2981798764971,0.0,48057.34761570292,0.0,48057.34761570292,18557.42159198217,15146.981505005559,9960.77672257201
2025-09-11,2025-09-10,2025-07-17,2025-09-10,10671.699982777778,6824.672861024693,70988.72874506857,69629.0699165295,0.0,1359.658828539097,0.0,46334.84791804974,308.77454544714965,0.0,46026.073372602594,0.0,46026.073372602594,14523.115907928668,15226.048295,16835.916520267485
2025-09-12,2025-09-11,2025-07-18,2025-09-11,6824.672861024693,7102.04787965432,36385.16265229314,36385.16265229314,0.0,0.0,0.0,21712.643562480014,0.0,0.0,21712.643562480014,0.0,21712.643562480014,14470.820442414262,11471.727041588889,21834.413051467767
2025-09-13,2025-09-12,2025-07-19,2025-09-12,7102.04787965432,10800.0,41307.65274831111,41307.65274831111,0.0,0.0,0.0,23696.881424822295,0.0,0.0,23696.881424822295,0.0,23696.881424822295,18611.226348395063,11746.936433888888,26436.261350471603
2025-09-14,2025-09-13,2025-07-20,2025-09-13,10800.0,10547.118515111111,79726.83174421125,75814.18468921125,0.0,3912.6470549999985,0.0,51154.72953251923,948.7107976966535,0.0,50206.01873482257,0.0,50206.01873482257,15871.288082633742,13083.336683333333,12926.908539910837
2025-09-15,2025-09-14,2025-07-21,2025-09-14,10547.118515111111,9799.154731296298,62075.77131010974,62093.09043510974,17.319124999997456,0.0,108.25251944444642,39808.14892357658,0.0,28.26185440124734,39836.41077797782,557.4022198888991,40393.81299786672,20072.783115377224,16932.121728888887,3993.650934732515
2025-09-16,2025-09-15,2025-07-22,2025-09-15,9799.154731296298,9497.277933203703,76768.39268494293,73838.0040075561,0.0,2930.388677386831,0.0,47871.48054102891,708.5368503946103,0.0,47162.9436906343,0.0,47162.9436906343,18880.79672483538,15565.1344654,11030.571764787392
2025-09-17,2025-09-16,2025-07-23,2025-09-16,9497.277933203703,9680.984184759262,72518.46783769547,71976.59977797669,2.9280666666658135,544.7961263854605,7.62916666666672,45980.73089195306,123.23153910935997,3.554087319998964,45861.0534401637,34.70889375000024,45895.7623339137,20155.829542194784,16160.886302777773,8029.167305226341
2025-09-18,2025-09-17,2025-07-24,2025-09-17,9680.984184759262,5216.613171703705,59390.208911399175,60791.116670288066,1406.1840088888905,5.276250000000999,42.13223555555294,38886.23242541213,1.8200424375003446,1152.1511183338348,40036.56350130847,204.34134244443175,40240.9048437529,15957.415318827158,16943.44032,2863.222790349796
2025-09-19,2025-09-18,2025-07-25,2025-09-18,5216.613171703705,6309.601994154323,35104.32085547353,35104.32085547353,0.0,0.0,0.0,20388.167537095207,0.0,0.0,20388.167537095207,0.0,20388.167537095207,14976.69300379287,11147.431392866667,15173.70692788066
2025-09-20,2025-09-19,2025-07-26,2025-09-19,6309.601994154323,10295.851110314821,39358.92815748333,39358.92815748333,0.0,0.0,0.0,22151.960698198083,0.0,0.0,22151.960698198083,0.0,22151.960698198083,19741.12553272291,12402.68747696111,16375.056368388205
2025-09-21,2025-09-20,2025-07-27,2025-09-20,10295.851110314821,9521.801492703702,71263.97326778463,69037.81688000685,0.0,2226.156387777778,0.0,44794.904789337954,492.0896696241667,0.0,44302.81511971379,0.0,44302.81511971379,17726.70765875856,15055.277859444444,8078.899597359401
2025-09-22,2025-09-21,2025-07-28,2025-09-21,9521.801492703702,8839.426636481481,73867.0703204664,72707.24388613169,0.0,1159.8264343347082,19.555900000000065,46235.71709024825,289.68947961290115,0.0,45946.027610635356,131.78740035000044,46077.815010985345,20201.076761262004,16977.009547222216,8888.71268875857
2025-09-23,2025-09-22,2025-07-29,2025-09-22,8839.426636481481,8869.78477505556,73098.89828439643,71763.89609865569,0.0,1335.002185740742,6.375000000000114,45610.76730148733,329.9899950094354,0.0,45280.77730647789,42.99618750000077,45323.77349397789,21006.207806920436,16987.705998888887,5635.153707290805
2025-09-24,2025-09-23,2025-07-30,2025-09-23,8869.78477505556,9309.161558703707,62744.82877160494,65820.06107144486,3136.251449839918,61.01914999999872,0.0,39720.807248047386,25.21607295249947,5248.988946979137,44944.58012207402,0.0,44944.58012207402,19268.664377674886,15212.17904063333,700.3506344032957
2025-09-25,2025-09-24,2025-07-31,2025-09-24,9309.161558703707,4914.92445619136,63847.75445065844,61675.309506214,50.9686961111114,2223.4136405555537,15.37166666666667,41028.1999928408,492.8411657507494,102.44707918333393,40637.80590627338,103.4974316666667,40741.303337940044,15426.168149471865,16450.00959333333,2379.0737167421225
2025-09-26,2025-09-25,2025-08-01,2025-09-25,4914.92445619136,5525.237853561731,34588.54452170782,34588.54452170782,0.0,0.0,0.0,19602.39348953603,0.0,0.0,19602.39348953603,0.0,19602.39348953603,14851.949711755826,11480.79720888889,13523.148518840879
2025-09-27,2025-09-26,2025-08-02,2025-09-26,5525.237853561731,8927.334698259261,37553.696060127775,37786.07066307222,232.37460294444588,0.0,0.0,20470.984460424275,0.0,433.8550024274277,20904.8394628517,0.0,20904.8394628517,19505.09327289437,12737.238390816668,13216.913530994518
2025-09-28,2025-09-27,2025-08-03,2025-09-27,8927.334698259261,9361.529953962965,69381.29688914953,69116.70463468031,624.9824245568593,889.5746790260648,5.868333333333453,43271.38004867293,226.36436841386043,1257.279045261296,44302.294725520376,39.561369166667475,44341.85609468704,21237.304822393686,16811.441176005552,1209.080154958844
2025-09-29,2025-09-28,2025-08-04,2025-09-28,9361.529953962965,8599.558341277778,71411.55678265431,69822.38377906721,19.764833333332604,1608.9378369204403,97.62395388888672,44797.1538709621,375.2129139874141,24.708018149999088,44446.648975124685,617.3856300105401,45064.03460513523,20139.377678635108,16998.67037111111,4019.4088254320955
2025-09-30,2025-09-29,2025-08-05,2025-09-29,8599.558341277778,8826.717790166667,70983.85527400549,72964.53170011661,2002.9207761111124,22.24435000000136,799.9567483055512,44776.85232437501,8.866597910000543,2070.855203941473,46838.840930406484,4054.655685729338,50893.49661613582,22623.418287551445,18120.525308916665,3839.4207031207084
2025-10-01,2025-09-30,2025-08-06,2025-09-30,8826.717790166667,10272.833100185184,66926.93643470507,64783.0713119273,0.0,2143.8651227777755,0.0,41299.97084745591,470.85637942024937,0.0,40829.11446803565,0.0,40829.11446803565,21237.811707976674,15901.123704444442,9784.86177506174
2025-10-02,2025-10-01,2025-08-07,2025-10-01,10272.833100185184,7047.962924203704,67717.38197227023,64991.78054449246,43.34182111111227,2768.943248888889,0.0,43587.707391882715,656.9932959608611,54.88374807300146,42985.59784399485,0.0,42985.59784399485,13859.566178950623,14128.631763333331,13530.063012208502
2025-10-03,2025-10-02,2025-08-08,2025-10-02,7047.962924203704,7129.941296332039,30090.490089176892,30084.300005615783,0.0,6.19008356110885,0.0,16546.45408800144,3.7839980809058393,0.0,16542.670089920535,0.0,16542.670089920535,15531.209938311318,12506.499515116664,19242.435882421127
2025-10-04,2025-10-03,2025-08-09,2025-10-03,7129.941296332039,10487.95764574074,36189.98397274561,36182.4550166345,0.0,7.528956111110006,0.0,19721.42354840023,4.602450870721546,0.0,19716.82109752951,0.0,19716.82109752951,19155.75928813443,12493.950308921056,16424.66360408779
2025-10-05,2025-10-04,2025-08-10,2025-10-04,10487.95764574074,10200.910917777777,70665.18452611797,67867.05205607682,0.0,2798.1324700411524,0.0,44134.897075864494,639.4330062888623,0.0,43495.46406957564,0.0,43495.46406957564,17320.923153429354,14288.289809444443,10098.457645425242
2025-10-06,2025-10-05,2025-08-11,2025-10-05,10200.910917777777,10417.185388925927,60358.86052672153,62520.31852809068,2216.3951847024728,54.93718333333294,0.0,38446.70338336965,21.34006009977761,2814.9728083511964,41240.336131621065,0.0,41240.336131621065,19692.67084104252,15756.416357211107,850.9547942592626
2025-10-07,2025-10-06,2025-08-12,2025-10-06,10417.185388925927,10689.588118685333,64922.57645420439,64354.17492074218,452.99391388346834,1021.3954473456788,0.0,40614.82574751286,229.7808506093117,903.9918595757717,41289.03675647932,0.0,41289.03675647932,20430.859400411682,16303.833657550002,2455.586177880502
2025-10-08,2025-10-07,2025-08-13,2025-10-07,10689.588118685333,9625.506356141976,61074.81099330573,61254.15540402795,212.08912738888836,32.744716666666136,27.47327555555612,37920.87177443251,13.052044063333122,321.31613455143975,38229.13586492062,138.43952915611396,38367.57539407673,19708.981010548527,16921.948204833334,2016.1002072016504
2025-10-09,2025-10-08,2025-08-14,2025-10-08,9625.506356141976,6063.367972802471,68045.2281247668,65089.03008717421,92.37723611110982,3048.5752737037024,0.0,42949.285817016935,728.572880404268,178.48667675208085,42399.199613364755,0.0,42399.199613364755,15060.36056446502,15404.816602222221,9673.504441598083
2025-10-10,2025-10-09,2025-08-15,2025-10-09,6063.367972802471,6267.245948537039,31673.30235794143,31848.390810163648,175.08845222222294,0.0,0.0,16967.78283114479,0.0,321.0947125303346,17288.877543675124,0.0,17288.877543675124,15446.248031982163,12327.970727744443,19386.502589259264
2025-10-11,2025-10-10,2025-08-16,2025-10-10,6267.245948537039,9541.079062067902,35847.80838206447,35917.87120627002,70.0628242055551,0.0,0.0,18772.539923512035,0.0,128.4882133105675,18901.028136822606,0.0,18901.028136822606,18814.06983631687,12292.94676523889,15290.434551858714
2025-10-12,2025-10-11,2025-08-17,2025-10-11,9541.079062067902,9387.842145728395,65515.556026165985,64086.25243520789,705.1873879307998,2134.490978888889,20.92993333333345,40213.26599815265,472.24904012855563,1394.5438537166578,41135.560811740754,98.0358077333339,41233.59661947409,19661.228315514403,16063.508160272218,1994.5062299657109
2025-10-13,2025-10-12,2025-08-18,2025-10-12,9387.842145728395,9302.618827654322,68154.18449681756,67565.24857262208,22.656049055555513,611.5919732510341,110.39137547222205,41945.718435845665,139.475856713135,43.774885182691584,41850.01746431522,544.0382399676936,42394.05570428292,21138.918525082307,17199.22499158333,6708.551114595323
2025-10-14,2025-10-13,2025-08-19,2025-10-13,9302.618827654322,9216.934210981482,71158.92155168037,70842.53164168037,1.3446666666674219,317.7345766666675,447.7919961111111,44036.00808849791,94.22595294100034,2.598097700001459,43944.38023325692,2215.831339769722,46160.21157302664,21018.26391151578,17101.909923333333,6600.140366275713
2025-10-15,2025-10-14,2025-08-20,2025-10-14,9216.934210981482,8720.853015537037,72977.0416485967,71938.18417207408,52.25033333333363,1091.1078098559665,0.0,44871.47463711127,297.62178150005826,100.95548155000057,44674.808337161216,0.0,44674.808337161216,20814.84114017832,17306.494399444444,6509.8137813401945
2025-10-16,2025-10-15,2025-08-21,2025-10-15,8720.853015537037,5819.17207266667,66189.04778919753,66424.16212732531,243.33352146111284,8.219183333332921,11.886934883331719,41421.499295095244,3.4249336949998286,286.4989066839239,41704.57326808417,56.05894901749219,41760.632217101665,19244.358183216726,18199.44297698889,2424.6609059808006
2025-10-17,2025-10-16,2025-08-22,2025-10-16,5819.17207266667,5713.356591685186,30320.44110477832,31072.58625477832,752.145150000001,0.0,0.0,15491.246380088829,0.0,1388.4993341155016,16879.74571420433,0.0,16879.74571420433,15873.115256879288,12952.457290955557,12147.72897218793
2025-10-18,2025-10-17,2025-08-23,2025-10-17,5713.356591685186,9070.242366061728,36145.03483207819,36146.88678430041,1.8519522222208593,0.0,0.0,18907.144534201245,0.0,3.3962951803308337,18910.540829381574,0.0,18910.540829381574,19238.81670952675,12562.244337777778,13393.72114588477
2025-10-19,2025-10-18,2025-08-24,2025-10-18,9070.242366061728,8573.250983092592,71277.4227674074,70220.05072431015,29.002144344444844,1086.374187441704,30.810665311111666,44067.97407189907,247.63005160812892,40.6900378826184,43861.03405817356,171.08421090771552,44032.11826908127,21361.64635816872,17750.225794788887,2753.718292908095
2025-10-20,2025-10-19,2025-08-25,2025-10-19,8573.250983092592,8558.33794411111,76242.84488703115,73708.72305449341,0.0,2534.121832537728,0.0,47575.81888308123,602.5353770366895,0.0,46973.283506044536,0.0,46973.283506044536,20567.294943010966,16672.93063892222,5373.576383737999
2025-10-21,2025-10-20,2025-08-26,2025-10-20,8558.33794411111,8806.4102179321,75061.15836982167,75259.00228910151,197.84391927983086,0.0,0.0,46221.36700758354,0.0,279.5690965107515,46500.93610409429,0.0,46500.93610409429,22354.263349513036,17883.688266666664,4325.845856255135
2025-10-22,2025-10-21,2025-08-27,2025-10-21,8806.4102179321,8440.710564407409,70755.27911794238,70273.60670715309,202.58412239999967,684.2565331893005,361.4741403222207,43582.48565278322,154.85656580230352,378.31375700182593,43805.942843982746,2321.5763054389276,46127.51914942168,21400.84402633059,17663.813349500004,1343.1534706447194
2025-10-23,2025-10-22,2025-08-28,2025-10-22,8440.710564407409,5943.652101820989,79219.2432786214,75048.35424973251,662.4443044444413,4833.333333333333,54.81028435000053,49432.297080166616,1208.0666666666666,1276.5480846723274,49500.77849817228,382.3565436256037,49883.13504179788,15246.357559519887,14596.902239538891,11074.212180768178
2025-10-24,2025-10-23,2025-08-29,2025-10-23,5943.652101820989,6128.319281691358,32365.338625054865,32816.391939710426,451.05331465555787,0.0,419.2878177777754,16555.83811316923,0.0,746.5045747068273,17302.342687876055,2371.3298987682842,19673.672586644338,17057.493855288063,13650.369560899999,11408.50474643347
2025-10-25,2025-10-24,2025-08-30,2025-10-24,6128.319281691358,8441.47743724074,35021.91676432784,35334.579304216735,312.66253988888985,0.0,298.7619677777768,17739.796700733263,0.0,509.4811925109851,18249.27789324425,1620.288491211383,19869.56638445563,19040.305216179695,13340.804885111109,10535.40820759259
2025-10-26,2025-10-25,2025-08-31,2025-10-25,8441.47743724074,8635.79984602469,76406.78477879973,73511.89409213306,381.1952622222243,3276.0859488888887,0.0,47096.03333053591,772.0777646272502,733.6015640093374,47057.55712991799,0.0,47057.55712991799,18932.010488497945,15160.038327777778,5195.609914746227
2025-10-27,2025-10-26,2025-09-01,2025-10-26,8635.79984602469,8450.156076907406,69581.51648515089,68704.67596229987,889.6675215934192,1766.508044444444,109.61035426666561,42981.579048080865,387.3074761754443,1722.6838730747634,44316.955444980194,632.2662487265588,44949.22169370674,21126.187106056237,17279.290948111113,1414.808491954734
2025-10-28,2025-10-27,2025-09-02,2025-10-27,8450.156076907406,8502.677431259259,69799.15293268861,70237.48444191083,2148.7403203333324,1710.4088111111096,105.75094148888843,43120.48715300417,375.260043665944,4256.1463237812495,47001.37343311947,696.5979568839854,47697.97139000346,19607.933730980796,15835.157103177778,598.0370555967058
2025-10-29,2025-10-28,2025-09-03,2025-10-28,8502.677431259259,8456.116085277778,77868.16188196206,76997.87285089624,196.58691422222614,1066.8759452880659,379.0126192222229,47925.93126708429,292.88014437213275,371.70051583447423,48004.75163854664,2432.8165958258937,50437.568234372535,22263.567261893004,18075.39469351666,3876.456101742114
2025-10-30,2025-10-29,2025-09-04,2025-10-29,8456.116085277778,6319.130616825713,66766.08804676268,66870.50248140328,1592.4624464444419,1488.0480118038429,184.03330992222413,41569.31502768022,334.1394341977934,3133.239047586829,44368.41464106925,1032.3005959000527,45400.7152369693,18696.17390237311,17067.18778252908,637.7320214814783
2025-10-31,2025-10-30,2025-09-05,2025-10-30,6319.130616825713,6515.90127087037,34810.57339900023,34791.624030666906,0.0,18.949368333333496,232.15585999999897,18368.34040885902,9.352460740916747,0.0,18358.987948118105,1134.8924611458285,19493.880409263937,17276.602823424102,13816.954698333335,7659.839698909469
2025-11-01,2025-10-31,2025-09-06,2025-10-31,6515.90127087037,8529.434363240742,35965.269322990396,36002.42073655151,37.15141356111275,0.0,0.0,18517.860571707053,0.0,55.00824048926159,18572.868812196317,0.0,18572.868812196317,19334.544065315495,13848.80090977222,7972.639147674903
2025-11-02,2025-11-01,2025-09-07,2025-11-01,8529.434363240742,8572.461023074076,75742.61648554013,75762.61172965536,45.02712744855876,25.03188333333435,363.9605063333327,46995.19318338618,10.76370983333377,48.74411681943728,47033.17359037228,2473.1540867929957,49506.327677165275,23163.41447995884,18723.641734916666,2890.4155576131743
2025-11-03,2025-11-02,2025-09-08,2025-11-02,8572.461023074076,8601.081377518516,80786.43220199588,78346.95363167537,71.50601870555795,2510.9845890260676,0.0,49988.13800671192,616.7234553038661,138.1603540419438,49509.57490544999,0.0,49509.57490544999,20360.454664286684,16466.20995907222,4947.778643127569
2025-11-04,2025-11-03,2025-09-09,2025-11-03,8601.081377518516,8584.508968851853,74855.16922779835,72710.41054316181,226.9038848833319,2371.662569519888,428.3531115666632,46229.21959846854,559.8042438806815,433.60253361983,46103.01788820769,2741.7336862383763,48844.75157444607,21109.006816426612,17113.210689105556,1562.8954940740718
2025-11-05,2025-11-04,2025-09-10,2025-11-04,8584.508968851853,8630.436973277776,83190.38505788065,81262.20798459533,16.650833333333253,1944.8279066186572,0.0,51837.5620585846,493.9854411119536,31.37266762499985,51374.949285097646,0.0,51374.949285097646,21320.905431529492,17228.598195555558,7491.8806819547335
2025-11-06,2025-11-05,2025-09-11,2025-11-05,8630.436973277776,6755.143435543209,75918.59442017146,75691.08505969142,38.558379561111224,266.06774004115147,172.82486833333326,47385.05896711901,108.75137972127351,72.64977085006771,47348.957358247804,870.8112518491656,48219.76861009697,20845.215750109746,18572.388941549998,2221.498569465015
2025-11-07,2025-11-06,2025-09-12,2025-11-06,6755.143435543209,6957.715904969136,34939.07679395062,35206.23471024506,267.15791629444493,0.0,31.947088333332772,18069.08177872569,0.0,489.9409026923825,18559.02268141807,195.29255098166323,18754.315232399735,18414.383729176956,14733.335598150003,8238.671884218109
2025-11-08,2025-11-07,2025-09-13,2025-11-07,6957.715904969136,8676.390319098766,36940.296514691356,36940.296514691356,0.0,0.0,0.0,19069.00965943648,0.0,0.0,19069.00965943648,0.0,19069.00965943648,19284.81948414952,14073.896809444446,7938.166739986282
2025-11-09,2025-11-08,2025-09-14,2025-11-08,8676.390319098766,8577.335033314814,80347.92461917008,78463.50156886433,163.34957267777588,2047.7726229835391,41.735491533335406,50132.767997157134,509.53832935238785,315.61587684936467,49938.84554465412,190.107961807043,50128.953506461155,21633.664608676263,17612.418090233336,3137.173358621401
2025-11-10,2025-11-09,2025-09-15,2025-11-09,8577.335033314814,8618.458659,81397.98411883568,81227.47415550234,0.0,170.50996333333774,175.30104229999534,50884.46492612726,49.875655449668,0.0,50834.58927067759,1029.9344938869012,51864.523764564496,23069.35393582304,18649.165424900002,3124.143586879287
2025-11-11,2025-11-10,2025-09-16,2025-11-10,8618.458659,8547.465378759263,83445.70666759946,79903.04205943759,21.51016666666601,3564.1747748285316,0.0,52518.332180758975,938.1071514862937,41.56086852499873,51621.78589779768,0.0,51621.78589779768,20121.340657757202,16362.179885,4584.86162001372
2025-11-12,2025-11-11,2025-09-17,2025-11-11,8547.465378759263,8642.38143212963,80125.14382966817,79262.70704067641,0.0,862.4367889917675,65.17544166666539,49978.361635586545,250.02115808524326,0.0,49728.340477501304,454.6638810666578,50183.00435856796,22489.836276021946,18131.342935544446,4013.401391865566
2025-11-13,2025-11-12,2025-09-18,2025-11-12,8642.38143212963,7541.146851141977,76259.43838360082,75636.45766481193,2417.10371232222,3040.0844311111127,89.95957103333251,47939.73702735132,710.2663822875285,4806.803950542402,52036.27459560619,627.5579675285276,52663.832563134725,17827.643806419754,15431.502606088892,934.4047188477355
2025-11-14,2025-11-13,2025-09-19,2025-11-13,7541.146851141977,7680.792802833337,35776.08186764746,35776.08186764746,0.0,0.0,0.0,19030.188031044905,0.0,0.0,19030.188031044905,0.0,19030.188031044905,17672.01570421124,14188.651363888888,4694.262227325107
2025-11-15,2025-11-14,2025-09-20,2025-11-14,7680.792802833337,8672.274581580246,40821.26888727709,40396.04488449931,0.0,425.2240027777775,0.0,21200.96819321588,87.44731617124995,0.0,21113.520877044626,0.0,21113.520877044626,19174.384578580248,14638.917907777777,7648.691297030179
2025-11-16,2025-11-15,2025-09-21,2025-11-15,8672.274581580246,8708.058703462964,80453.53574604972,79980.1633450149,499.1785819555557,972.5509829903964,0.0,50369.65725789274,278.7853179471112,957.0054366254276,51047.87737657105,0.0,51047.87737657105,22802.28035451303,18437.641377461106,1180.979984629633
2025-11-17,2025-11-16,2025-09-22,2025-11-16,8708.058703462964,8946.62081987037,77564.16335868998,77945.72266093614,680.31571349444,298.75641124828314,0.0,48650.85022736406,94.92284074697051,1318.5029994338245,49874.43038605091,0.0,49874.43038605091,22523.22936851166,18029.109883727782,755.8488428189277
2025-11-18,2025-11-17,2025-09-23,2025-11-17,8946.62081987037,8724.261002925925,81282.70035242834,81412.6887907548,175.33560499314058,45.347166666665544,0.0,50948.35704662486,19.857524283332843,192.20289019348073,51120.702412535,0.0,51120.702412535,23536.905702674896,19265.017454416666,2250.2487091632347
2025-11-19,2025-11-18,2025-09-24,2025-11-18,8724.261002925925,8534.383296018517,80731.2372111594,80971.65319238997,240.4159812305852,0.0,20.529261766667766,50563.52497337759,0.0,296.8339888732077,50860.3589622508,93.10114035007167,50953.46010260087,24031.950334684494,19636.769707311112,1228.690226783261
2025-11-20,2025-11-19,2025-09-25,2025-11-19,8534.383296018517,8033.202532709878,79870.79128996661,79613.77993816626,787.1912181722184,1044.20256997256,0.0,50073.86937944091,286.3211772696726,1533.213964828159,51320.7621669994,0.0,51320.7621669994,22268.071683127582,18488.200750311113,1040.832972016456
2025-11-21,2025-11-20,2025-09-26,2025-11-20,8033.202532709878,8325.933839475307,36724.88346606996,36731.63178940328,6.748323333331427,0.0,0.0,19517.479465047512,0.0,12.375750160996503,19529.85521520851,0.0,19529.85521520851,18309.54042795609,14567.269570555556,4124.976865336085
2025-11-22,2025-11-21,2025-09-27,2025-11-21,8325.933839475307,8725.42025808025,42288.241357359395,40281.31120113855,0.0,2006.9301562208434,0.0,21883.62590461321,438.9546681839418,0.0,21444.67123642927,0.0,21444.67123642927,18916.336043305902,14962.694418333333,6107.840092832643
2025-11-23,2025-11-22,2025-09-28,2025-11-22,8725.42025808025,8747.748742111115,81320.87455233862,81621.217481543,331.19618920439177,30.853259999999864,0.0,51141.302975360064,13.51218521699994,358.5364346232143,51486.32722476628,0.0,51486.32722476628,23566.8392055967,19069.04412090555,1891.3261135185214
2025-11-24,2025-11-23,2025-09-29,2025-11-23,8747.748742111115,8515.495217018522,80126.79360790987,79003.5322166901,188.6008951999995,1311.862286419754,5.01895722222207,50314.17514358612,350.59355825909165,359.95830301067855,50323.539888337706,23.50879562888818,50347.04868396659,22533.946680061716,18461.524983433334,774.1857772839547
2025-11-25,2025-11-24,2025-09-30,2025-11-24,8515.495217018522,8719.085431907408,91898.15979582304,89103.63938941702,0.0,2794.5204064060354,0.0,58577.739511575404,784.0262138509901,0.0,57793.71329772442,0.0,57793.71329772442,21494.57233204389,17227.372395555558,8667.778986262008
2025-11-26,2025-11-25,2025-10-01,2025-11-25,8719.085431907408,8850.326129074077,86717.13759621399,86397.39950288065,0.0,319.7380933333351,15.604814999999917,54614.07471772703,91.84487390766722,0.0,54522.22984381937,73.0929534599996,54595.32279727937,23651.828987249646,19039.86485222222,5043.373299519896
2025-11-27,2025-11-26,2025-10-02,2025-11-26,8850.326129074077,8322.464724962963,83366.50045794924,82171.40887411521,1.9429999999985057,1197.0345838340259,0.0,52755.64307871711,316.8674905187659,2.5528105499980365,52441.32839874834,0.0,52441.32839874834,22241.949718340184,18491.054535555555,2639.6209579972538
2025-11-28,2025-11-27,2025-10-03,2025-11-27,8322.464724962963,8166.547541679013,37759.90574728395,37671.61910450617,0.0,88.28664277777972,0.0,20026.87075272376,18.1561480872504,0.0,20008.71460463651,0.0,20008.71460463651,18742.09102817558,15321.419197777777,3329.7087241083727
2025-11-29,2025-11-28,2025-10-04,2025-11-28,8166.547541679013,8802.010128123457,49472.79164514403,46276.54460555555,0.0,3196.2470395884784,0.0,25612.79330452396,702.668602419883,0.0,24910.124702104076,0.0,24910.124702104076,18796.691473278457,14653.403765555555,7203.806797832653
2025-11-30,2025-11-29,2025-10-05,2025-11-29,8802.010128123457,8802.596032888894,87507.67945479424,86953.9423644209,316.87822109443954,870.6153114677685,0.0,55202.31049944666,300.0027136157365,612.2562548876214,55514.56404071855,0.0,55514.56404071855,24167.297818758572,19574.983918905556,2116.8003479012336
2025-12-01,2025-11-30,2025-10-06,2025-11-30,8802.596032888894,8638.52793418518,90938.87437449244,92991.04920199246,2052.174827500002,0.0,774.6102088722223,58263.36269068137,0.0,2685.443321258794,60948.80601194017,3755.062419042045,64703.86843098221,25231.65627615226,20585.302872516666,2820.3782738957443
2025-12-02,2025-12-01,2025-10-07,2025-12-01,8638.52793418518,8522.976644685183,94129.65273442387,95891.61790870721,1880.1872042833338,118.22202999999945,1314.9416147777763,60035.58019829978,44.53423870099979,2437.746879126416,62428.7928387252,6677.518685237044,69106.31152396224,25427.53974876544,20700.30335705,3841.513181769548
2025-12-03,2025-12-02,2025-10-08,2025-12-02,8522.976644685183,8690.72334464815,84518.88055698217,90329.81368097127,5810.933123989105,0.0,1447.4457639500026,53448.45910469693,0.0,9504.483978554768,62952.943083251695,7074.998945839065,70027.94202909076,23206.345692743493,18646.16798115555,54.33316666666656
2025-12-04,2025-12-03,2025-10-09,2025-12-03,8690.72334464815,8601.921187407406,92051.40665705761,94151.5951843347,2100.1885272770933,0.0,2352.3370673277773,59124.420543457905,0.0,2868.117014194073,61992.53755765198,11515.79192562944,73508.32948328143,24086.028519259256,19589.60504211667,5236.300024519892
2025-12-05,2025-12-04,2025-10-10,2025-12-04,8601.921187407406,8640.682996432102,44126.32586257887,44965.76744100816,1415.1509762070614,575.7093977777785,840.1695338888876,23143.886137287904,130.49353102833348,1045.1789550762833,24058.57156133585,4328.98791055527,28387.559471891123,21467.61182841564,17353.879952894444,380.57741604251714
2025-12-06,2025-12-05,2025-10-11,2025-12-05,8640.682996432102,8613.966980685185,47237.342541728394,49038.482326325844,1801.1397845974589,0.0,285.0998811111091,24750.407408724,0.0,1766.1139919969507,26516.52140072095,1382.0115925922123,27898.532993313165,21280.590572002737,17261.322777494446,1639.6835962620034
2025-12-07,2025-12-06,2025-10-12,2025-12-06,8613.966980685185,8601.841109333332,95421.5012653498,96660.08545453599,1579.7219174166673,341.137728230459,206.06884055555258,61197.120324764765,150.68798117124715,2006.3649799023462,63052.79732349586,1263.1016905544243,64315.89901405029,25800.432709917688,20909.263779250003,4322.304114423867
2025-12-08,2025-12-07,2025-10-13,2025-12-07,8601.841109333332,8844.187595592595,97945.66716476681,95865.67612858381,444.49733606666234,2524.488372249654,7.200816666666469,62843.610329743184,722.0551730906567,624.6076566408739,62746.162813293406,41.82594360833218,62787.98875690174,24090.992572578878,19295.59214615556,3230.2654021604953
2025-12-09,2025-12-08,2025-10-14,2025-12-08,8844.187595592595,8747.857331654322,96856.58197820302,95290.35787457702,293.06173607222365,1859.2858396982206,60.411570555555386,62209.59811471624,569.6388261566634,413.7436944849393,62053.70298304451,351.75537810027674,62405.45836114479,24504.13346261316,19935.045342261103,3393.227058113856
2025-12-10,2025-12-09,2025-10-15,2025-12-09,8747.857331654322,8789.725194074077,92999.55391778462,93898.73243022297,899.178512438339,0.0,880.1287237388907,59376.08211610089,0.0,1205.2662371028377,60581.348353203735,4180.9958420642415,64762.34419526797,24667.644208038397,19943.11073233333,1666.7092115901307
2025-12-11,2025-12-10,2025-10-16,2025-12-10,8789.725194074077,8862.421246000005,96576.27672989026,95602.84671034293,35.378999999999564,1008.8090195473221,0.0,61906.681986803196,348.3359757867274,49.714570799999386,61608.06058181647,0.0,61608.06058181647,23910.19350008229,19301.830288333338,5033.228798593977
2025-12-12,2025-12-11,2025-10-17,2025-12-11,8862.421246000005,8851.220743481255,49216.09035473937,48594.51110564025,135.5504413604233,757.1296904595325,0.0,25602.204915040238,171.97518279937802,129.3262582124101,25559.555990453267,0.0,25559.555990453267,21358.490933429348,17310.458108344654,832.0647972222235
2025-12-13,2025-12-12,2025-10-18,2025-12-12,8851.220743481255,8995.80852640123,50461.593014465274,48885.09185701782,124.88509353333671,1701.3862509807961,0.0,26383.422849870512,387.24990444798146,144.77915889583068,26140.952104318363,0.0,26140.952104318363,20403.18875306609,16396.453885355553,1079.8236059739456
2025-12-14,2025-12-13,2025-10-19,2025-12-13,8995.80852640123,8948.646273944443,92092.17892879288,92924.54117325398,832.3622444611086,0.0,1026.9484102055585,58809.61991004976,0.0,1185.4012410416958,59995.02115109146,4867.286102340447,64862.30725343191,25240.661590274358,20487.381915333335,419.4881085185181
2025-12-15,2025-12-14,2025-10-20,2025-12-14,8948.646273944443,9010.153166555554,94163.26586265433,94949.57469838395,786.3088357296288,0.0,570.7620705555573,60144.056062060816,0.0,942.1956427534833,61086.2517048143,2726.7940158700085,63813.045720684306,24810.56300552126,20041.199831122223,1281.4156278738033
2025-12-16,2025-12-15,2025-10-21,2025-12-15,9010.153166555554,8905.055152537041,99453.0436521605,98398.22842014403,0.0,1054.8152320164595,0.0,64454.72078617878,380.9408772414419,0.0,64073.77990893734,0.0,64073.77990893734,23620.89991103567,19227.517140555556,4586.754316330589
2025-12-17,2025-12-16,2025-10-22,2025-12-16,8905.055152537041,8950.443271962966,100018.64641469136,97401.03962216736,6.784926666666479,2624.391719190674,0.0,64290.26388743271,747.9155463344091,9.534178951999737,63551.882520050305,0.0,63551.882520050305,23334.285347373105,18859.92182388889,4734.829032016467
2025-12-18,2025-12-17,2025-10-23,2025-12-17,8950.443271962966,8970.934866685186,95288.61554261316,94355.18168701645,0.0,933.4338555967081,0.0,61492.00503857323,339.9918239814609,0.0,61152.013214591774,0.0,61152.013214591774,24635.904669718788,19936.640347222223,2289.650397853221
2025-12-19,2025-12-18,2025-10-24,2025-12-18,8970.934866685186,8857.082199734567,49221.156143971195,47941.375070288064,0.0,1279.7810736831302,0.0,26114.058549939604,288.42522953359196,0.0,25825.633320406014,0.0,25825.633320406014,20021.519074444444,16319.897850555553,1331.362546399171
2025-12-20,2025-12-19,2025-10-25,2025-12-19,8857.082199734567,9068.077819641976,52477.599706488334,50627.86958340878,0.0,1849.7301230795615,0.0,27873.87300104405,431.2267409197562,0.0,27442.64626012429,0.0,27442.64626012429,20264.071743655695,16224.002054444447,3731.4476441975225
2025-12-21,2025-12-20,2025-10-26,2025-12-20,9068.077819641976,8990.216271462965,98419.91073673526,97236.46289210563,0.0,1183.4478446296296,1.6522333333332426,63319.73042857223,401.6765954385699,0.0,62918.05383313366,9.596997316666139,62927.65083045032,23921.26706443758,19446.30171555555,3725.3679098902658
2025-12-22,2025-12-21,2025-10-27,2025-12-21,8990.216271462965,8744.265260314813,97799.13616839505,96345.94322352536,8.74949999999967,1461.9424448696839,0.0,63078.45778572137,479.1938778501605,16.905346424999365,62616.16925429621,0.0,62616.16925429621,23757.297693374483,19464.76704166667,3115.9854884842252
2025-12-23,2025-12-22,2025-10-28,2025-12-22,8744.265260314813,9112.836182685185,100654.94508211935,97764.48119771606,0.0,2890.4638844032925,0.0,64881.85405334881,801.9388378685358,0.0,64079.91521548027,0.0,64079.91521548027,23233.452935692727,18487.383047777777,5760.318776467762
2025-12-24,2025-12-23,2025-10-29,2025-12-23,9112.836182685185,8837.754214537037,98763.83112312757,96806.80676672839,1.9783333333340352,1959.0026897325092,0.0,63872.434532606036,599.8217792976209,3.8224367500013563,63276.435190058415,0.0,63276.435190058415,23334.598622496575,19148.598655555554,4766.247483120711
2025-12-25,2025-12-24,2025-10-30,2025-12-24,8837.754214537037,8871.451701333335,95564.26086706447,94926.96435809328,2.668500000000222,639.9650089711894,0.0,61185.50246957534,257.0388021621689,5.155942275000429,60933.619609688176,0.0,60933.619609688176,24457.368468868317,19780.140721666663,2437.2880775582976
2025-12-26,2025-12-25,2025-10-31,2025-12-25,8871.451701333335,9420.259724802469,51171.350850610426,49973.36385454047,0.0,1197.9869960699561,0.0,27042.660283823265,280.3317782377884,0.0,26762.32850558548,0.0,26762.32850558548,20651.13407477367,16233.491379444447,2548.098725877911
2025-12-27,2025-12-26,2025-11-01,2025-12-26,9420.259724802469,9194.403715851855,52467.35375524355,51251.75133468114,13.580852777776556,1229.1832733401923,0.0,27651.07031134757,330.40762466356057,24.905925909164424,27345.568612593175,0.0,27345.568612593175,19732.50337022634,16186.598137938887,4367.037035727017
2025-12-28,2025-12-27,2025-11-02,2025-12-27,9194.403715851855,9263.713387993825,98086.49621650204,96897.16693871055,41.983211111110734,1231.3124889026078,0.0,63273.08280919906,411.54921143056424,81.11786134833261,62942.65145911683,0.0,62942.65145911683,22833.644800322345,18432.873583333334,5687.140971721541
2025-12-29,2025-12-28,2025-11-03,2025-12-28,9263.713387993825,8931.852020425924,97507.84649410151,96412.95813029492,0.0,1094.8883638065824,0.0,62378.09341778049,382.74350698605923,0.0,61995.34991079443,0.0,61995.34991079443,23443.45775002744,19287.876008333336,4733.610121934153
2025-12-30,2025-12-29,2025-11-04,2025-12-29,8931.852020425924,9069.18401992593,98903.03965265432,98251.60336690673,0.0,651.4362857475984,0.0,63591.523373056,245.3960488411203,0.0,63346.12732421488,0.0,63346.12732421488,23525.819740871062,18932.315190555553,7433.696216591218
2025-12-31,2025-12-30,2025-11-05,2025-12-30,9069.18401992593,8687.221395111112,100474.64041964334,98642.49722771604,0.0,1832.1431919273002,0.0,64522.893918027694,570.0958881076423,0.0,63952.79802992006,0.0,63952.79802992006,23361.976950480108,19266.96769222222,5901.06503612482
