date,train_end_date,residual_history_start_date,residual_history_end_date,soc_open_kwh,soc_close_kwh,normal_purchase_kwh,emergency_purchase_kwh,normal_cost_yuan,emergency_cost_yuan,total_cost_yuan,charge_kwh,discharge_kwh,surplus_discard_kwh
2025-02-01,2025-01-31,2025-01-02,2025-01-31,6000.0,10800.0,51620.66238788203,0.0,21386.794637405277,0.0,21386.794637405277,24154.74641467764,15245.344595888888,8333.08463575995
2025-02-02,2025-02-01,2025-01-02,2025-02-01,10800.0,8839.228746043209,89293.68752773662,0.0,63504.61375395879,0.0,63504.61375395879,18416.24071713992,16681.849109444447,9203.017970041146
2025-02-03,2025-02-02,2025-01-02,2025-02-02,8839.228746043209,8810.547796798768,90520.65590286558,0.0,64730.7837292578,0.0,64730.7837292578,21795.015879165978,17679.775716444445,6188.499240144036
2025-02-04,2025-02-03,2025-01-02,2025-02-03,8810.547796798768,7504.192130017285,89283.899193524,0.0,64346.206342963254,0.0,64346.206342963254,20944.456296580247,18140.729700333333,5285.3086472770865
2025-02-05,2025-02-04,2025-01-02,2025-02-04,7504.192130017285,9583.151969254322,93412.3275320192,0.0,66059.87220776093,0.0,66059.87220776093,24293.958286669396,17807.042356888887,6176.984618905358
2025-02-06,2025-02-05,2025-01-02,2025-02-05,9583.151969254322,3005.7266810123465,83992.93510063647,21.196847666666372,62075.28601308675,152.6730261738868,62227.95903926063,15649.950804696839,18596.142911222225,6689.266838161869
2025-02-07,2025-02-06,2025-01-02,2025-02-06,3005.7266810123465,7831.335217450614,50032.75870395747,0.0,20435.737715024363,0.0,20435.737715024363,24695.97792045953,15660.694432777778,9191.795549609058
2025-02-08,2025-02-07,2025-01-02,2025-02-07,7831.335217450614,10800.0,46493.08863789987,0.0,19007.771566224834,0.0,19007.771566224834,21699.975373751724,14905.181748444444,8121.132295925922
2025-02-09,2025-02-08,2025-01-02,2025-02-08,10800.0,8483.463800912346,86267.85919973388,0.0,61154.72100870276,0.0,61154.72100870276,20225.30446507407,18467.37919588889,4954.517963882034
2025-02-10,2025-02-09,2025-01-02,2025-02-09,8483.463800912346,8505.761058141976,88816.59747924004,0.0,60804.78259353217,0.0,60804.78259353217,19729.151275522632,15960.545001666665,10721.353622050756
2025-02-11,2025-02-10,2025-01-02,2025-02-10,8505.761058141976,7625.597016170368,86263.85788701646,0.0,59768.32742904322,0.0,59768.32742904322,20079.019365024687,17056.153323444443,8020.394712102878
2025-02-12,2025-02-11,2025-01-02,2025-02-11,7625.597016170368,9254.766980660494,88083.94400888975,0.0,59927.97318910627,0.0,59927.97318910627,23433.225396893005,17514.65960344222,6898.642082105624
2025-02-13,2025-02-12,2025-01-02,2025-02-12,9254.766980660494,2732.3725944567873,78496.05061459944,0.0,55046.41905114424,0.0,55046.41905114424,11903.248277194782,15511.78605211111,10775.109372849112
2025-02-14,2025-02-13,2025-01-02,2025-02-13,2732.3725944567873,6462.645812304941,42252.35264394102,0.0,17266.99632957029,0.0,17266.99632957029,22324.406957142666,14725.523739222219,4851.667609353912
2025-02-15,2025-02-14,2025-01-02,2025-02-14,6462.645812304941,10508.717164018524,42142.63390770333,0.0,17635.293454405426,0.0,17635.293454405426,22356.279572091902,14467.122236852223,4973.3854724636485
2025-02-16,2025-02-15,2025-01-02,2025-02-15,10508.717164018524,7417.283356359262,78849.56385903497,0.0,54589.72720968282,0.0,54589.72720968282,18158.74466055692,17490.873601944448,2804.3137004225
2025-02-17,2025-02-16,2025-01-02,2025-02-16,7417.283356359262,8169.405315740743,83316.50727995062,0.0,56378.726218084434,0.0,56378.726218084434,19601.390858160485,15200.216831666663,7731.470086790131
2025-02-18,2025-02-17,2025-01-02,2025-02-17,8169.405315740743,6820.8184539,79749.02737980246,0.0,53533.504111718605,0.0,53533.504111718605,18253.103763112475,15998.742223777772,5403.278057134436
2025-02-19,2025-02-18,2025-01-02,2025-02-18,6820.8184539,8031.875810090125,83290.76075246502,0.0,54999.99168252312,0.0,54999.99168252312,23144.729421144035,17657.279210555556,4923.983158543208
2025-02-20,2025-02-19,2025-01-02,2025-02-19,8031.875810090125,2586.154899439507,74768.0094197332,0.0,52082.56024317334,0.0,52082.56024317334,14108.063722939642,16328.680435166669,5995.492398626887
2025-02-21,2025-02-20,2025-01-02,2025-02-20,2586.154899439507,5513.178844054323,39313.87738208916,0.0,16388.13183737887,0.0,16388.13183737887,20734.76832844719,14160.84079588889,7179.687816197528
2025-02-22,2025-02-21,2025-01-02,2025-02-21,5513.178844054323,10800.0,41979.423366057614,0.0,17344.607801212587,0.0,17344.607801212587,23950.40629878737,14641.690061666664,4825.944245603573
2025-02-23,2025-02-22,2025-01-02,2025-02-22,10800.0,8151.238549311113,75996.31562765001,0.0,51309.598455033934,0.0,51309.598455033934,18345.818133548695,17243.99799379444,3362.641804562416
2025-02-24,2025-02-23,2025-01-02,2025-02-23,8151.238549311113,7564.664983414815,78175.5575110321,13.592134666666652,51974.879979124584,69.38541467133327,52044.26539379592,18958.738540910832,15884.494427444446,6911.871915565707
2025-02-25,2025-02-24,2025-01-02,2025-02-24,7564.664983414815,7463.58659021605,77993.13259643162,0.0,50820.162424916125,0.0,50820.162424916125,18364.673236274353,14966.355875261112,8773.49200208504
2025-02-26,2025-02-25,2025-01-02,2025-02-25,7463.58659021605,6941.352100758025,76473.90971690536,0.0,50457.28373609055,0.0,50457.28373609055,19760.15498661042,16475.736579666664,4374.643276628262
2025-02-27,2025-02-26,2025-01-02,2025-02-26,6941.352100758025,2496.7457545555576,71612.83543345815,196.06314407222467,46942.215474544064,1004.4742664954658,47946.68974103953,17712.69474473388,18347.428454816665,5487.04808761317
2025-02-28,2025-02-27,2025-01-03,2025-02-27,2496.7457545555576,4728.575982018523,37034.825653868305,0.0,15003.815208740458,0.0,15003.815208740458,19451.340235589847,13746.93838611111,8037.8302543895725
2025-03-01,2025-02-28,2025-01-04,2025-02-28,4728.575982018523,10800.0,41690.32390560356,0.0,16643.282684173995,0.0,16643.282684173995,23551.88650763374,13612.746454999999,8092.417919636489
2025-03-02,2025-03-01,2025-01-05,2025-03-01,10800.0,7294.005896195472,71567.79629222222,2571.295931020373,47490.71988897894,16149.255829979877,63639.97571895882,16750.83501440329,16723.571055090742,1753.5211972633747
2025-03-03,2025-03-02,2025-01-06,2025-03-02,7294.005896195472,5754.592150384773,75379.85678245503,994.150257290746,49450.39415446199,5907.540350566987,55357.93450502898,21686.269240640147,18951.350456148146,1621.94162192044
2025-03-04,2025-03-03,2025-01-07,2025-03-03,5754.592150384773,7361.293150796298,80084.21821334476,0.0,52149.16069866503,0.0,52149.16069866503,22607.777744627343,16866.269072777774,5143.251608161858
2025-03-05,2025-03-04,2025-01-08,2025-03-04,7361.293150796298,7603.58048909259,79669.36868376544,0.0,51066.26118729633,0.0,51066.26118729633,20229.72424145405,16168.018031111113,9477.190456755825
2025-03-06,2025-03-05,2025-01-09,2025-03-05,7603.58048909259,2298.142729493828,73047.05079211935,0.0,48575.20108644165,0.0,48575.20108644165,13510.868845301782,15718.697748333334,9314.22556181756
2025-03-07,2025-03-06,2025-01-10,2025-03-06,2298.142729493828,4938.564623351851,36490.854320267485,0.0,14803.937001932336,0.0,14803.937001932336,18386.628530212616,12516.789405,9698.729661721534
2025-03-08,2025-03-07,2025-01-11,2025-03-07,4938.564623351851,10596.869786450623,39145.014193113864,0.0,15540.548734655866,0.0,15540.548734655866,21766.301247750336,12538.229363888884,10853.802792585735
2025-03-09,2025-03-08,2025-01-12,2025-03-08,10596.869786450623,7379.559639796298,70770.80144218264,0.0,45344.71969891981,0.0,45344.71969891981,16522.738889176948,16278.997632222225,7193.53513522791
2025-03-10,2025-03-09,2025-01-13,2025-03-09,7379.559639796298,6553.43063415432,72301.28602569271,0.0,47096.64516347737,0.0,47096.64516347737,21349.005799629635,18036.21080277778,946.4195788408649
2025-03-11,2025-03-10,2025-01-14,2025-03-10,6553.43063415432,6687.784418787381,73956.27034217422,20.246053875303005,47017.52562425517,133.7758009810646,47151.30142523623,19894.644987743482,15993.744033902474,6136.696642208504
2025-03-12,2025-03-11,2025-01-15,2025-03-11,6687.784418787381,6655.710492698903,73477.31113885765,61.35110772901294,46240.191261118554,402.3712400407314,46642.562501159286,19509.73690591525,15831.753427270985,7425.144084609052
2025-03-13,2025-03-12,2025-01-16,2025-03-12,6655.710492698903,2151.1200437750344,67115.30714291343,474.59402700863825,43985.671091360826,3047.1261604030774,47032.79725176391,17252.63932861988,18028.769260213583,820.4130848491028
2025-03-14,2025-03-13,2025-01-17,2025-03-13,2151.1200437750344,5461.832300259261,34905.90702997561,0.0,13658.5920546904,0.0,13658.5920546904,19025.801445476296,12431.25814,12281.93774116598
2025-03-15,2025-03-14,2025-01-18,2025-03-14,5461.832300259261,10158.997189092588,36903.153329595334,0.0,14769.111938013393,0.0,14769.111938013393,21997.742923806574,13590.723368333336,7572.008624122091
2025-03-16,2025-03-15,2025-01-19,2025-03-15,10158.997189092588,8485.206353561729,68799.82410769713,1.6400000000001,43435.628301724915,8.081100000000493,43443.70940172492,18948.34862578875,16854.574138866665,3356.6426874417075
2025-03-17,2025-03-16,2025-01-20,2025-03-16,8485.206353561729,6857.604110648148,68715.2453559989,0.0,42366.18112378329,0.0,42366.18112378329,17599.134102908083,15720.140641977781,8978.120461735258
2025-03-18,2025-03-17,2025-01-21,2025-03-17,6857.604110648148,6866.333271722226,69612.1323187216,0.0,42923.4585113245,0.0,42923.4585113245,21394.418048100135,17321.62237399444,4413.378277949241
2025-03-19,2025-03-18,2025-01-22,2025-03-18,6866.333271722226,7808.363992228396,69753.19971360081,0.0,42407.27798151127,0.0,42407.27798151127,22558.22882182441,17424.337697222225,5153.838138998626
2025-03-20,2025-03-19,2025-01-23,2025-03-19,7808.363992228396,2318.4158968237307,62208.918304828534,241.75521485802255,39922.1972091068,1598.9689910709612,41521.166200177766,15590.119049862831,17568.94971625309,2220.542369410142
2025-03-21,2025-03-20,2025-01-24,2025-03-20,2318.4158968237307,5873.599133493827,33968.5015260548,7.935375972222857,13273.098370446249,39.40707707805871,13312.505447524307,19069.850085497637,12246.913656249999,15120.035956112719
2025-03-22,2025-03-21,2025-01-25,2025-03-21,5873.599133493827,10771.30549089506,35186.38447207777,0.0,13867.831638657517,0.0,13867.831638657517,20974.71256875858,12581.581459033336,10912.0536290192
2025-03-23,2025-03-22,2025-01-26,2025-03-22,10771.30549089506,7535.776601777774,62931.5917690878,0.0,39194.59449062499,0.0,39194.59449062499,17314.19175694788,16936.47132333333,3784.1512188065767
2025-03-24,2025-03-23,2025-01-27,2025-03-23,7535.776601777774,6762.719636666667,65012.58423069959,0.0,39993.330138718324,0.0,39993.330138718324,20248.98750652949,17097.431148888885,3862.530789725651
2025-03-25,2025-03-24,2025-01-28,2025-03-24,6762.719636666667,6542.33646453498,65334.49936510288,306.42109978703957,39874.61923688043,1590.9179953841538,41465.537232264585,21548.7664866461,17652.84570910185,794.8749706789976
2025-03-26,2025-03-25,2025-01-29,2025-03-25,6542.33646453498,7581.454756129632,66268.49157467307,0.0,39732.73494908259,0.0,39732.73494908259,21619.340772553725,16576.459563333334,5633.055498786009
2025-03-27,2025-03-26,2025-01-30,2025-03-26,7581.454756129632,2180.0491766481505,59064.69524720165,0.0,36959.2571185885,0.0,36959.2571185885,15036.905528971189,17041.158499999998,2351.9588182304537
2025-03-28,2025-03-27,2025-01-31,2025-03-27,2180.0491766481505,5630.631955333337,32521.6071309465,123.1003478833317,12742.491644736263,393.59858029927045,13136.090225035534,18407.941283456785,11804.907938783332,15219.793367489716
2025-03-29,2025-03-28,2025-02-01,2025-03-28,5630.631955333337,10466.509199555561,34514.82633686667,0.0,13225.378695051731,0.0,13225.378695051731,20768.102985102883,12469.873898133335,18509.388066563784
2025-03-30,2025-03-29,2025-02-02,2025-03-29,10466.509199555561,7688.950228814814,59280.88097020575,0.0,35794.287326380996,0.0,35794.287326380996,18106.896423456776,17166.389176666664,2994.754023415645
2025-03-31,2025-03-30,2025-02-03,2025-03-30,7688.950228814814,6775.618975722222,60355.91011333333,424.65799048353654,36779.74707591702,2840.7496273396177,39620.496703256635,18850.971458497945,16091.285009166668,1069.4921711522547
2025-04-01,2025-03-31,2025-02-04,2025-03-31,6775.618975722222,5934.5830920679,61125.21891917696,1885.039124411107,38210.20749825382,12177.327301279835,50387.53479953365,17786.509862510284,15164.005283922223,178.9019483333334
2025-04-02,2025-04-01,2025-02-05,2025-04-01,5934.5830920679,7277.922337886832,63907.93878387517,2237.2467215148145,38281.76860374367,12445.497966403556,50727.26657014723,22566.22982887517,17069.640840151853,213.2611166666668
2025-04-03,2025-04-02,2025-02-06,2025-04-02,7277.922337886832,2440.7962539444447,57845.21659512574,322.21101214999663,36176.219590908455,1706.49221532139,37882.71180622985,16046.815447286232,17351.333987850005,3608.4158811728403
2025-04-04,2025-04-03,2025-02-07,2025-04-03,2440.7962539444447,5596.1957810370395,31225.653372057608,57.64002260000173,12092.514656076917,180.55079957713897,12273.065455654056,17396.920016604934,11251.645639066666,18707.216767119346
2025-04-05,2025-04-04,2025-02-08,2025-04-04,5596.1957810370395,10509.86265646296,34106.16469206665,0.0,13305.81119747127,0.0,13305.81119747127,20730.961908415644,12369.778957933338,13700.866758251024
2025-04-06,2025-04-05,2025-02-09,2025-04-05,10509.86265646296,7608.197547722224,60221.89141341564,0.0,36776.89669544912,0.0,36776.89669544912,17240.10070839507,16575.980171666666,5147.694610020569
2025-04-07,2025-04-06,2025-02-10,2025-04-06,7608.197547722224,6180.852942407405,60270.28048195473,0.0,36194.71840447595,0.0,36194.71840447595,18130.380870637855,15970.21865,4867.398977983548
2025-04-08,2025-04-07,2025-02-11,2025-04-07,6180.852942407405,6438.2765510555555,61785.30564763375,340.34606954999873,36797.39309199735,1885.8133663525105,38683.20645834986,21599.630051316868,17264.019093783336,3436.847142983546
2025-04-09,2025-04-08,2025-02-12,2025-04-08,6438.2765510555555,7360.32862494856,62312.36768953971,1954.6037381870383,37436.59515451599,12544.033753403992,49980.628907919985,20404.74984930041,15698.00051142963,425.9110731893003
2025-04-10,2025-04-09,2025-02-13,2025-04-09,7360.32862494856,2355.30971103498,57200.96514271147,45.99367343148283,34991.78822188951,294.4427131394086,35286.23093502892,15625.518830098306,17161.18727490185,4321.9893609465
2025-04-11,2025-04-10,2025-02-14,2025-04-10,2355.30971103498,3953.981064740744,29315.170446195705,0.0,11592.570145497277,0.0,11592.570145497277,15456.162781895291,11080.687634999997,19623.045132633742
2025-04-12,2025-04-11,2025-02-15,2025-04-11,3953.981064740744,10709.842920481486,35274.96597872428,0.0,13418.613897685556,0.0,13418.613897685556,20432.29387057613,10469.882364999998,16287.393923148144
2025-04-13,2025-04-12,2025-02-16,2025-04-12,10709.842920481486,7373.672302388889,57997.64864928272,0.0,35456.379763363075,0.0,35456.379763363075,17478.405778374487,17160.06223676667,3402.946624341566
2025-04-14,2025-04-13,2025-02-17,2025-04-13,7373.672302388889,6021.358508611111,59640.17688713601,0.0,35553.46142377143,0.0,35553.46142377143,19142.506620061726,16722.51277665,4692.151243724282
2025-04-15,2025-04-14,2025-02-18,2025-04-14,6021.358508611111,6752.990470537038,61032.702672201645,0.0,35736.87588629779,0.0,35736.87588629779,19698.37145769546,15297.212115,6492.11449617285
2025-04-16,2025-04-15,2025-02-19,2025-04-15,6752.990470537038,6516.475949901234,59363.3873663786,219.38076488354147,35787.06997806406,1496.1768165057529,37283.24679456981,19453.707175000003,15970.365880322219,319.83488658435795
2025-04-17,2025-04-16,2025-02-20,2025-04-16,6516.475949901234,2610.121470407408,55963.5549349657,0.0,33897.74347902539,0.0,33897.74347902539,15335.064076282586,15937.120933333332,3697.269442016451
2025-04-18,2025-04-17,2025-02-21,2025-04-17,2610.121470407408,4348.269705666669,28558.890870946503,0.0,11122.850479743778,0.0,11122.850479743778,14902.160839588476,10506.416868333334,17809.029716358025
2025-04-19,2025-04-18,2025-02-22,2025-04-18,4348.269705666669,10762.029138925922,33992.13379489999,0.0,12764.167029838558,0.0,12764.167029838558,20687.516281934157,10984.504698433338,17504.442961399174
2025-04-20,2025-04-19,2025-02-23,2025-04-19,10762.029138925922,7013.094952703703,55259.34162228396,0.0,33561.59095503076,0.0,33561.59095503076,16552.754673744854,16781.772053333334,3530.6141185391007
2025-04-21,2025-04-20,2025-02-24,2025-04-20,7013.094952703703,6751.383070537037,59974.65423779836,0.0,34935.07423402535,0.0,34935.07423402535,19078.371431337448,15689.021553333332,8068.393976460911
2025-04-22,2025-04-21,2025-02-25,2025-04-21,6751.383070537037,7548.080569296298,59411.497073436214,0.0,35402.64991577249,0.0,35402.64991577249,20836.09664471193,16160.210533333331,2582.6816453909523
2025-04-23,2025-04-22,2025-02-26,2025-04-22,7548.080569296298,6923.131149888888,57745.71570075597,0.0,34755.492842291846,0.0,34755.492842291846,17885.414664567896,15049.640355766665,3510.0246752880685
2025-04-24,2025-04-23,2025-02-27,2025-04-23,6923.131149888888,2560.1175363333336,53417.99990366255,0.0,32555.414844497336,0.0,32555.414844497336,14145.932945843622,15384.917938333334,7566.878196152265
2025-04-25,2025-04-24,2025-02-28,2025-04-24,2560.1175363333336,3880.13150051852,27584.46517783498,0.0,10475.119970804912,0.0,10475.119970804912,14620.131984115225,10654.294339366668,21618.269883086417
2025-04-26,2025-04-25,2025-03-01,2025-04-25,3880.13150051852,10314.373752518519,33534.1247962,0.0,12590.6006045211,0.0,12590.6006045211,20585.8035892181,10883.682880466666,23761.81045411523
2025-04-27,2025-04-26,2025-03-02,2025-04-26,10314.373752518519,6623.790199839506,51453.473066481485,698.2218742555555,30849.50523497336,4576.397768347249,35425.90300332061,15965.407635802472,16253.505382411111,3866.321504012345
2025-04-28,2025-04-27,2025-03-03,2025-04-27,6623.790199839506,6724.1243228703715,55641.557574828534,4603.111473516667,33300.41707761708,29320.374582556506,62620.791660173585,15622.435827832647,12563.872309816667,564.1382136625509
2025-04-29,2025-04-28,2025-03-04,2025-04-28,6724.1243228703715,8269.073716808643,58012.41292341563,399.8444269944432,33866.63808889888,2646.1704178492255,36512.8085067481,19751.773509320985,14608.482088005556,5835.752212427979
2025-04-30,2025-04-29,2025-03-05,2025-04-29,8269.073716808643,8330.491720351854,56911.02602897805,0.0,33340.98010548138,0.0,33340.98010548138,18272.28777554183,14745.276894999997,5127.160715102883
2025-05-01,2025-04-30,2025-03-06,2025-04-30,8330.491720351854,1947.0538569444443,50063.4342160288,2213.909874583335,31574.36997975455,11745.986195673759,43320.35617542831,12961.267057633742,16243.72039375,4548.418626728397
2025-05-02,2025-05-01,2025-03-07,2025-05-01,1947.0538569444443,2817.58889024074,27842.826143374485,2019.323012750001,11171.47813284021,10586.160910054925,21757.639042895134,14524.427696152261,10981.304903916664,12028.706280555556
2025-05-03,2025-05-02,2025-03-08,2025-05-02,2817.58889024074,10072.33438296708,34867.90923069959,1504.528812870366,13464.386638526921,7317.631578663817,20782.018217190736,21043.469430761317,10515.939295462966,16977.7362582716
2025-05-04,2025-05-03,2025-03-09,2025-05-03,10072.33438296708,7574.936727623456,55991.08023786049,1517.273457777777,34384.57521138976,8929.373866787679,43313.94907817744,15382.930603395056,14707.831678559258,5098.587437469138
2025-05-05,2025-05-04,2025-03-10,2025-05-04,7574.936727623456,4691.710015253086,56595.771375912205,1562.3751103444413,34399.01590311561,10045.708753176155,44444.724656291764,18080.957345912204,17240.47949132222,2241.661831666668
2025-05-06,2025-05-05,2025-03-11,2025-05-05,4691.710015253086,7583.080269765431,63728.911159615905,1362.421375555553,37946.16841083255,8042.527760864707,45988.69617169726,24076.047598978053,16899.36532611111,5044.567895637854
2025-05-07,2025-05-06,2025-03-12,2025-05-06,7583.080269765431,7515.4467531111095,60986.57025495199,1797.4948900499974,36739.66081091871,11839.531847707849,48579.192658626554,19208.197481433468,15619.510124950004,4127.531838518522
2025-05-08,2025-05-07,2025-03-13,2025-05-07,7515.4467531111095,1999.0931780411522,54595.74664020577,539.2341287870368,34663.94709726804,2883.681979994668,37547.62907726271,13893.25354509958,16218.253589093621,1633.4684129868458
2025-05-09,2025-05-08,2025-03-14,2025-05-08,1999.0931780411522,2973.2300594074086,28611.189444804113,513.3232280833332,11662.389989289524,2467.8812652272914,14130.271254516816,14306.396315288068,10711.457822153705,17030.188329753088
2025-05-10,2025-05-09,2025-03-15,2025-05-09,2973.2300594074086,9968.431887164608,36152.00750653333,350.6814539814816,14560.251631476582,1721.7378816957644,16281.989513172346,20942.349340905355,10667.621321151852,14106.91565742798
2025-05-11,2025-05-10,2025-03-16,2025-05-10,9968.431887164608,6393.534424748971,58516.837665002284,589.1337118907376,36158.5262278339,4043.119158404619,40201.64538623852,14749.623413911753,15164.602681442597,4036.871561090536
2025-05-12,2025-05-11,2025-03-17,2025-05-11,6393.534424748971,6614.559553018518,63669.17746828304,504.11793381666536,38721.53611883149,3304.4225893482303,42025.95870817972,16742.95316455875,13362.869447849998,8862.016452057622
2025-05-13,2025-05-12,2025-03-18,2025-05-12,6614.559553018518,6797.510901255144,62929.76701434155,290.6820993462972,37985.93342728268,1909.66649622513,39895.59992350781,19195.093441234567,15383.369473987035,6279.512379773658
2025-05-14,2025-05-13,2025-03-19,2025-05-13,6797.510901255144,8682.888025713992,64769.42260348194,364.45283257592354,38406.746559214494,2547.0670638357274,40953.81362305022,20147.85593140375,14622.923892424076,6594.794613744854
2025-05-15,2025-05-14,2025-03-20,2025-05-14,8682.888025713992,2843.738838962964,55336.8973935071,0.0,35132.23707071481,0.0,35132.23707071481,12101.004979741661,15057.048301666666,5527.882432098764
2025-05-16,2025-05-15,2025-03-21,2025-05-15,2843.738838962964,3799.1654889629644,29009.88858826667,0.0,12056.006652287215,0.0,12056.006652287215,13655.841337530865,10201.3474984,22839.88821580247
2025-05-17,2025-05-16,2025-03-22,2025-05-16,3799.1654889629644,10475.349529199588,35778.879415761316,143.609074412959,14710.091264347579,855.8942423383415,15565.98550668592,20620.55343843621,10694.082648920372,15547.218617325107
2025-05-18,2025-05-17,2025-03-23,2025-05-17,10475.349529199588,5709.661720814817,55491.558308650005,0.0,35096.32460019039,0.0,35096.32460019039,13825.803537160496,15488.019892646298,3477.606564135802
2025-05-19,2025-05-18,2025-03-24,2025-05-18,5709.661720814817,6820.3351494074095,62396.87886452675,12.233166666666762,37551.54162889646,83.24669916666731,37634.78832806313,18625.430204609045,14086.99238,10355.457656584367
2025-05-20,2025-05-19,2025-03-25,2025-05-19,6820.3351494074095,5940.583711755143,59363.106755226334,66.94210962962859,36352.59619098291,447.57494498369675,36800.17113596661,17508.52931458848,14973.685038703705,2367.8097723045216
2025-05-21,2025-05-20,2025-03-26,2025-05-20,5940.583711755143,7481.244951703704,62577.63373101281,60.29056761666459,37985.695407702246,384.8471453639271,38370.542553066174,18728.97852675354,13783.877490716666,6330.2079792592685
2025-05-22,2025-05-21,2025-03-27,2025-05-21,7481.244951703704,2629.862054222223,54853.83721121399,0.0,34813.66452053425,0.0,34813.66452053425,11635.733893744855,13791.189061666666,6192.6615624691385
2025-05-23,2025-05-22,2025-03-28,2025-05-22,2629.862054222223,3975.157006981484,28637.3354462,0.0,12085.056431718367,0.0,12085.056431718367,13837.860081831277,9997.901208800002,18376.427689835393
2025-05-24,2025-05-23,2025-03-29,2025-05-23,3975.157006981484,10800.0,36194.751702049994,0.0,14971.275156178966,0.0,14971.275156178966,20950.63787654321,10827.657986283335,22317.27042845679
2025-05-25,2025-05-24,2025-03-30,2025-05-24,10800.0,5155.689784425926,54308.212567716044,0.0,34810.44798102557,0.0,34810.44798102557,10856.502534135809,13873.646246666667,8780.346096913572
2025-05-26,2025-05-25,2025-03-31,2025-05-25,5155.689784425926,5223.231101037041,59211.59081425926,0.0,36308.681524094914,0.0,36308.681524094914,18785.748018456783,15155.668709999998,1001.6785558024717
2025-05-27,2025-05-26,2025-04-01,2025-05-26,5223.231101037041,6499.849385685185,61854.33194343127,0.0,37581.23322136676,0.0,37581.23322136676,18580.279662037025,13901.070070066664,7784.755051460912
2025-05-28,2025-05-27,2025-04-02,2025-05-27,6499.849385685185,6053.220548055558,59235.6570224074,0.0,36675.32938666604,0.0,36675.32938666604,18042.57550345678,15016.452111666666,3935.70953061729
2025-05-29,2025-05-28,2025-04-03,2025-05-28,6053.220548055558,2485.005964740742,55236.010669588475,17.817433333333497,34990.81848836692,119.80442173333444,35110.622910100254,14789.296351872425,15190.72317,1545.1314210493802
2025-05-30,2025-05-29,2025-04-04,2025-05-29,2485.005964740742,3380.1234703148175,28240.6196384,0.0,12246.3137296612,0.0,12246.3137296612,13211.140094588478,9895.4177216,18328.66399874485
2025-05-31,2025-05-30,2025-04-05,2025-05-30,3380.1234703148175,10704.021666666667,37102.82168671666,0.0,14877.721193528649,0.0,14877.721193528649,21281.294944444446,10646.340528283337,18078.68572055555
2025-06-01,2025-05-31,2025-04-06,2025-05-31,10704.021666666667,3531.0065560679013,55863.13150078189,10441.259402545678,38871.2975907984,68310.37172152328,107181.66931232167,8032.771120349792,12962.258207022223,9.051689999999894
2025-06-02,2025-06-01,2025-04-07,2025-06-01,3531.0065560679013,2561.429125932097,65402.92051930727,6860.91522754054,43059.69646526128,44891.20366707815,87950.90013233943,19084.319099842247,16330.918157994434,869.6273550000009
2025-06-03,2025-06-02,2025-04-08,2025-06-02,2561.429125932097,3728.0731495123455,70026.21514924355,3774.4524393111124,46047.218261197915,23351.229554008176,69398.44781520609,22535.009319293553,17203.377927405552,276.6693633333333
2025-06-04,2025-06-03,2025-04-09,2025-06-03,3728.0731495123455,3605.5416058806572,70477.66519589347,3188.3598802092533,46771.94334179559,21123.284752638887,67895.22809443448,20978.38848441015,17102.773061640746,145.14883666666617
2025-06-05,2025-06-04,2025-04-10,2025-06-04,3605.5416058806572,1200.0,69082.92804708733,4056.678343566665,47024.147759868676,23146.773715484916,70170.92147535359,18576.573517869227,17212.011994766668,625.7268508847739
2025-06-06,2025-06-05,2025-04-11,2025-06-05,1200.0,1438.3272773641975,31708.422716995883,4568.74567421111,15273.332403357874,23027.542331026045,38300.87473438392,13644.899021090536,10837.87365745556,2615.1476275720174
2025-06-07,2025-06-06,2025-04-12,2025-06-06,1438.3272773641975,9976.854858448558,41645.94174120027,2693.5349760870354,19483.84530749313,12621.101447625544,32104.946755118675,22225.57056611797,10318.03733557963,1305.430320082304
2025-06-08,2025-06-07,2025-04-13,2025-06-07,9976.854858448558,3529.7150422962955,74008.71109616826,79.2877800000017,51334.58428002434,551.1228876766786,51885.70716770102,10291.796049954275,14138.780635000003,12750.060194547324
2025-06-09,2025-06-08,2025-04-14,2025-06-08,3529.7150422962955,3058.7811477654323,79188.12673065843,881.8074352888891,54328.45477898478,6239.716729852468,60568.171508837244,20408.095618888885,16954.397956377776,5683.523770102888
2025-06-10,2025-06-09,2025-04-15,2025-06-09,3058.7811477654323,3600.845707827161,81384.96195832647,39.10635906111274,55717.60693390303,221.76163963385827,55939.368573536885,21961.669722215363,17301.09437093889,5145.048732777773
2025-06-11,2025-06-10,2025-04-16,2025-06-10,3600.845707827161,2320.5488996337435,79588.05512321673,1315.6137433870326,54737.48826149182,7958.542577350506,62696.03083884232,22025.904813875168,18993.250026612965,1786.5677626748982
2025-06-12,2025-06-11,2025-04-17,2025-06-11,2320.5488996337435,1736.882633592594,80181.9773770736,0.0,55435.79912736696,0.0,55435.79912736696,19920.420122094187,16660.83993833333,4470.005759979426
2025-06-13,2025-06-12,2025-04-18,2025-06-12,1736.882633592594,2481.1327676851856,35671.870210164605,23.01734381666442,17835.48905876337,110.24824710512245,17945.737305868493,14208.094823292178,10838.731686183335,3980.2107168724297
2025-06-14,2025-06-13,2025-04-19,2025-06-13,2481.1327676851856,10614.307276222218,44808.30209958847,0.0,22386.681881878416,0.0,22386.681881878416,21743.37849713991,10292.279525000002,7163.860377448564
2025-06-15,2025-06-14,2025-04-20,2025-06-14,10614.307276222218,4150.985006240743,77224.75654740822,0.0,55130.18307102128,0.0,55130.18307102128,13105.217033683122,16432.21584026666,9924.781020658438
2025-06-16,2025-06-15,2025-04-21,2025-06-15,4150.985006240743,4234.142020851852,83744.48683751028,0.0,58548.3994165327,0.0,58548.3994165327,20406.278824876543,16454.244534999998,7098.399730967077
2025-06-17,2025-06-16,2025-04-22,2025-06-16,4234.142020851852,4426.506824944443,83768.31121502057,0.0,58136.94152691252,0.0,58136.94152691252,22041.48404158435,17680.473749999997,4770.289706769558
2025-06-18,2025-06-17,2025-04-23,2025-06-17,4426.506824944443,3467.108574074076,82977.63462339506,0.0,58003.077345041354,0.0,58003.077345041354,17095.212704794238,14710.580716666665,9664.611735267486
2025-06-19,2025-06-18,2025-04-24,2025-06-18,3467.108574074076,2780.8542551666665,82678.85530228395,29.636833333333357,56918.571359354115,201.8712902500002,57120.44264960411,19256.306968703695,16215.237531666664,11407.918498580255
2025-06-20,2025-06-19,2025-04-25,2025-06-19,2780.8542551666665,2962.7485547222236,35182.99933753087,0.0,18295.634297096796,0.0,18295.634297096796,11475.949137366255,9131.813931666666,10438.283281831276
2025-06-21,2025-06-20,2025-04-26,2025-06-20,2962.7485547222236,10800.0,44816.31458408334,0.0,22054.120858814327,0.0,22054.120858814327,20572.16726131687,9609.929180916668,14519.33610368313
2025-06-22,2025-06-21,2025-04-27,2025-06-21,10800.0,4061.124410629631,74394.89627032922,0.0,53208.7939257377,0.0,53208.7939257377,11667.722221687245,15515.84303,10785.675978641973
2025-06-23,2025-06-22,2025-04-28,2025-06-22,4061.124410629631,3983.194336111113,80113.07902216152,0.0,54815.499234661795,0.0,54815.499234661795,18381.452606399165,14959.113678249996,9629.454094012353
2025-06-24,2025-06-23,2025-04-29,2025-06-23,3983.194336111113,3941.721361839506,79937.19528231543,1763.7253826055576,56186.40877288647,9796.285010162945,65982.69378304941,22135.300039506168,17966.91870884444,1263.7470842592593
2025-06-25,2025-06-24,2025-04-30,2025-06-24,3941.721361839506,4058.6473186111107,81225.39182487276,0.0,55959.22613779007,0.0,55959.22613779007,19498.583482524,15688.619259749998,6978.0062354321035
2025-06-26,2025-06-25,2025-05-01,2025-06-25,4058.6473186111107,3280.7925098333326,81150.53529798353,0.0,55312.35777082335,0.0,55312.35777082335,18725.433099300408,15867.670138333335,10745.388503683133
2025-06-27,2025-06-26,2025-05-02,2025-06-26,3280.7925098333326,3807.992891055558,34896.84921615,0.0,17953.416441125242,0.0,17953.416441125242,12645.186018868313,9768.12033218333,12248.137662798355
2025-06-28,2025-06-27,2025-05-03,2025-06-27,3807.992891055558,10800.0,44245.424693049994,0.0,21977.15049333586,0.0,21977.15049333586,20046.622547325103,9944.957865283337,12366.833894341566
2025-06-29,2025-06-28,2025-05-04,2025-06-28,10800.0,4497.799165574075,75160.33885981482,0.0,53938.65514939921,0.0,53938.65514939921,12046.820998786008,15429.905759999998,9275.655087695473
2025-06-30,2025-06-29,2025-05-05,2025-06-29,4497.799165574075,3271.2824638333345,79671.84980825102,0.0,54921.65324822429,0.0,54921.65324822429,17571.396814938264,15336.696451666665,7559.465461646094
2025-07-01,2025-06-30,2025-05-06,2025-06-30,3271.2824638333345,1374.1416072119332,81568.32743045145,858.1016491074056,60718.49083082803,6607.558686548169,67326.0495173762,20689.692117508,18466.077386140747,1336.27031485826
2025-07-02,2025-07-01,2025-05-07,2025-07-01,1374.1416072119332,1466.328848279836,82822.86408851205,1308.767654061111,60727.36142364683,8609.788901074295,69337.15032472112,18783.883925946502,15131.977463055555,7574.958913015549
2025-07-03,2025-07-02,2025-05-08,2025-07-02,1466.328848279836,1213.2863027427984,80606.67732320471,3366.732989551867,60259.21862542546,20940.502300262324,81199.72092568778,21450.47305477137,17602.62146534813,365.13978999999995
2025-07-04,2025-07-03,2025-05-09,2025-07-03,1213.2863027427984,1200.0,36918.226268927756,4488.8457272000005,21240.664587107436,16793.522137779662,38034.1867248871,12677.138535388656,10280.439886133334,10129.505880205765
2025-07-05,2025-07-04,2025-05-10,2025-07-04,1200.0,8390.797883460904,45744.320966666666,4089.793177181483,24703.430218802332,18760.078635193426,43463.50885399576,20658.10056946502,10261.343366151848,10647.276973868311
2025-07-06,2025-07-05,2025-05-11,2025-07-05,8390.797883460904,1750.3856765987657,69009.92484594879,7529.006227041359,52911.617039843404,58033.678321844716,110945.29536168813,12579.978951751256,16166.153937094441,331.12450833333423
2025-07-07,2025-07-06,2025-05-12,2025-07-06,1750.3856765987657,3157.247435366255,78599.80287172153,2004.2637849227042,57536.25824957923,12683.688227675644,70219.94647725488,21640.411164979425,16262.55746074259,1816.730185740737
2025-07-08,2025-07-07,2025-05-13,2025-07-07,3157.247435366255,2755.591487602882,82199.13652761772,477.3865976092599,61323.366126952154,4165.401321172656,65488.76744812481,20864.93397045725,17262.086869057406,3502.2890071604916
2025-07-09,2025-07-08,2025-05-14,2025-07-08,2755.591487602882,2033.533096092592,80926.9668430544,116.17441569999812,60380.024052814755,997.0436106435005,61377.067663458256,19542.35714025606,16479.161835966668,3921.2209377983454
2025-07-10,2025-07-09,2025-05-15,2025-07-09,2033.533096092592,1917.7235517489723,82332.71166246914,116.84229149074008,61539.83733507176,1014.2574785578602,62554.09481362962,20198.409189629627,16464.940033509258,5862.461414506175
2025-07-11,2025-07-10,2025-05-16,2025-07-10,1917.7235517489723,2693.740395611112,42569.077310402376,1306.7447618166666,25091.03530670244,3582.134995560441,28673.170302262883,13818.337776945587,10494.43843985,8033.145585123455
2025-07-12,2025-07-11,2025-05-17,2025-07-11,2693.740395611112,9779.503595325103,50456.83585728334,548.8156579930912,28150.429602512657,1456.5789210949938,29607.008523607652,22965.846767591975,12225.149002006909,9180.710416358022
2025-07-13,2025-07-12,2025-05-18,2025-07-12,9779.503595325103,3332.0158366152264,75925.48947968066,87.77904838703626,56598.56296238782,736.3926208636728,57334.95558325149,11643.443624979427,15233.928319072224,10336.03282216049
2025-07-14,2025-07-13,2025-05-19,2025-07-13,3332.0158366152264,2817.8738321255137,81487.86570078577,263.2596797796293,59986.33491088819,2278.584954936335,62264.91986582452,17634.902594851395,14746.998905870369,7055.542474917692
2025-07-15,2025-07-14,2025-05-20,2025-07-14,2817.8738321255137,4205.499219722226,86239.9838005268,0.0,63860.88450074666,0.0,63860.88450074666,18505.55428461363,13740.636121699998,8726.01505427983
2025-07-16,2025-07-15,2025-05-21,2025-07-15,4205.499219722226,3130.063466074077,83461.82518017285,0.0,62796.95091423227,0.0,62796.95091423227,16369.450297592586,14227.146919333329,9184.958418580245
2025-07-17,2025-07-16,2025-05-22,2025-07-16,3130.063466074077,3134.643719351853,83745.30431157429,0.0,62559.98404206049,0.0,62559.98404206049,20177.268923991767,16339.465600483334,7187.084921399178
2025-07-18,2025-07-17,2025-05-23,2025-07-17,3134.643719351853,3379.0289226666705,43549.937472119345,0.0,25501.825065268946,0.0,25501.825065268946,13104.847785576132,10394.980023333332,9565.82160987654
2025-07-19,2025-07-18,2025-05-24,2025-07-18,3379.0289226666705,9888.190632833335,52063.57794355061,37.50086580000033,29279.784339894315,86.15823917550077,29365.942579069815,20689.93690792181,10900.603356266669,15128.926207695473
2025-07-20,2025-07-19,2025-05-25,2025-07-19,9888.190632833335,3841.1896853518533,78267.42445905844,0.0,59379.86832662802,0.0,59379.86832662802,11718.163313415636,14934.013136599999,9393.296065576134
2025-07-21,2025-07-20,2025-05-26,2025-07-20,3841.1896853518533,4129.175627407408,85549.25938075452,0.0,64412.576711819645,0.0,64412.576711819645,18670.74989843621,14864.120069883333,7752.880202201648
2025-07-22,2025-07-21,2025-05-27,2025-07-21,4129.175627407408,3773.1320905185185,87784.43774408766,0.0,65692.33781701737,0.0,65692.33781701737,17778.073426378596,14720.678658566667,10931.898359609057
2025-07-23,2025-07-22,2025-05-28,2025-07-22,3773.1320905185185,3803.7590954629613,88273.44008674897,0.0,65861.69265285837,0.0,65861.69265285837,18580.384359403295,15022.547026666667,10499.055637345677
2025-07-24,2025-07-23,2025-05-29,2025-07-23,3803.7590954629613,4263.483556092598,87440.69108290123,0.0,65664.65850539645,0.0,65664.65850539645,18213.516978888885,14339.196738333332,9949.898842345681
2025-07-25,2025-07-24,2025-05-30,2025-07-24,4263.483556092598,4107.006848092591,44897.70894997942,0.0,26638.369175111526,0.0,26638.369175111526,12963.325723621398,10641.122873333334,16070.186533024687
2025-07-26,2025-07-25,2025-05-31,2025-07-25,4107.006848092591,9985.423985981486,53143.39850058498,0.0,30508.256256702174,0.0,30508.256256702174,20871.759867139917,11615.55006828333,15418.09713506173
2025-07-27,2025-07-26,2025-06-01,2025-07-26,9985.423985981486,4120.7548555185185,80589.93804275431,0.0,61871.141315093395,0.0,61871.141315093395,13956.731188251037,16583.154479900004,9531.171534403285
2025-07-28,2025-07-27,2025-06-02,2025-07-27,4120.7548555185185,4597.605742666668,87786.93580134692,0.0,65907.28057593433,0.0,65907.28057593433,20026.34487325103,15792.173548899995,5597.88724366255
2025-07-29,2025-07-28,2025-06-03,2025-07-28,4597.605742666668,4137.607256611111,88860.77712041151,0.0,66786.91823188764,0.0,66786.91823188764,18161.67836323045,15124.95811166667,9754.810918847737
2025-07-30,2025-07-29,2025-06-04,2025-07-29,4137.607256611111,4446.282495000001,89838.88102194403,0.0,68151.16791434547,0.0,68151.16791434547,18036.719696975306,14331.93524,12030.842514968728
2025-07-31,2025-07-30,2025-06-05,2025-07-30,4446.282495000001,4111.8134887592605,89025.02194983538,0.0,66441.84129042513,0.0,66441.84129042513,18253.803766728397,15086.603156666666,11162.825073106997
2025-08-01,2025-07-31,2025-06-06,2025-07-31,4111.8134887592605,4308.785062870372,45090.83455011666,0.0,26589.062385435238,0.0,26589.062385435238,12464.943985637861,9919.330211666667,21293.861109478803
2025-08-02,2025-08-01,2025-06-07,2025-08-01,4308.785062870372,10604.260303259261,52862.55227841667,0.0,29482.773456428356,0.0,29482.773456428356,20416.635608559667,10871.547126583335,22390.438863106996
2025-08-03,2025-08-02,2025-06-08,2025-08-02,10604.260303259261,3216.712946166668,77554.88998030245,0.0,57425.22341527713,0.0,57425.22341527713,9461.256187592588,14312.410133333331,19566.563942709872
2025-08-04,2025-08-03,2025-06-09,2025-08-03,3216.712946166668,3875.1988175000006,83011.96414888889,0.0,60523.89292316587,0.0,60523.89292316587,17416.603992839504,13514.81195,13694.517022716047
2025-08-05,2025-08-04,2025-06-10,2025-08-04,3875.1988175000006,3718.0354604259264,80402.3419450823,0.0,58785.600883734354,0.0,58785.600883734354,17180.084348106997,14057.315343333332,12127.263206975304
2025-08-06,2025-08-05,2025-06-11,2025-08-05,3718.0354604259264,3758.5952813333342,78680.49162718107,0.0,58658.1815512053,0.0,58658.1815512053,17996.38328660493,14540.566623333332,7110.275697242802
2025-08-07,2025-08-06,2025-06-12,2025-08-06,3758.5952813333342,3622.963021722223,78267.18886740741,0.0,57608.35042889579,0.0,57608.35042889579,17554.515372037033,14341.226485,11665.914730370367
2025-08-08,2025-08-07,2025-06-13,2025-08-07,3622.963021722223,3915.6377696111163,43288.49295711667,0.0,24728.688303874602,0.0,24728.688303874602,13516.517875699588,10684.972206216664,24681.776037633746
2025-08-09,2025-08-08,2025-06-14,2025-08-08,3915.6377696111163,9680.308278611114,50538.5620846502,0.0,28248.745831423978,0.0,28248.745831423978,20770.86201205761,11636.194771666665,22481.965844259263
2025-08-10,2025-08-09,2025-06-15,2025-08-09,9680.308278611114,4145.005430444446,71709.00183056688,0.0,55069.04497968084,0.0,55069.04497968084,11123.087797201653,13991.473679083334,9272.76866244856
2025-08-11,2025-08-10,2025-06-16,2025-08-10,4145.005430444446,3841.107594240742,78040.65062850041,0.0,56599.80663068829,0.0,56599.80663068829,18269.999808497945,15072.20789746667,10281.605384135799
2025-08-12,2025-08-11,2025-06-17,2025-08-11,3841.107594240742,3357.1381297222233,76336.13557218107,0.0,56817.64548198233,0.0,56817.64548198233,16972.530605267486,14183.322308333332,5786.38362524692
2025-08-13,2025-08-12,2025-06-18,2025-08-12,3357.1381297222233,3631.9729393888883,77963.47202853911,0.0,57338.27238356545,0.0,57338.27238356545,17560.689284403292,13976.806991666666,8258.610285802475
2025-08-14,2025-08-13,2025-06-19,2025-08-13,3631.9729393888883,3294.590241722221,78190.34489650207,0.0,57476.788530278696,0.0,57476.788530278696,18778.887807119343,15514.543551666666,8999.709657716054
2025-08-15,2025-08-14,2025-06-20,2025-08-14,3294.590241722221,3339.0201155000036,42874.26026745001,0.0,24844.88383072264,0.0,24844.88383072264,13158.002109814815,10617.994822549996,23174.526096851852
2025-08-16,2025-08-15,2025-06-21,2025-08-15,3339.0201155000036,10223.030242333334,51166.442916749584,0.0,28555.17412983221,0.0,28555.17412983221,21375.082386543207,11118.207618950002,23980.287782489715
2025-08-17,2025-08-16,2025-06-22,2025-08-16,10223.030242333334,3475.9825551666663,70537.12437939752,0.0,53424.737797977745,0.0,53424.737797977745,11270.498341131686,15201.446574766667,11302.678996365841
2025-08-18,2025-08-17,2025-06-23,2025-08-17,3475.9825551666663,3422.7560591851866,77224.51889781893,0.0,56666.240966580684,0.0,56666.240966580684,18762.20921845679,15245.293313333334,9313.487376028808
2025-08-19,2025-08-18,2025-06-24,2025-08-18,3422.7560591851866,3243.86926688889,76749.18005478333,4.538833333333173,56746.238617084164,39.038505499998614,56785.277122584164,17192.777035576128,14087.147511883331,9330.429314423873
2025-08-20,2025-08-19,2025-06-25,2025-08-19,3243.86926688889,3103.5705379444444,76441.05609522633,835.006923333332,57055.65388057417,4406.841509796659,61462.49539037083,20336.277899938264,16598.653955,2887.7480069547414
2025-08-21,2025-08-20,2025-06-26,2025-08-20,3103.5705379444444,3353.792719111112,78080.14907417037,0.0,57379.500194012115,0.0,57379.500194012115,17601.710137510283,14032.185248333333,8666.205701660085
2025-08-22,2025-08-21,2025-06-27,2025-08-21,3353.792719111112,2994.8111274074067,42856.7017528,0.0,24892.156841296135,0.0,24892.156841296135,12365.520736213992,10339.155228866666,19599.766845452676
2025-08-23,2025-08-22,2025-06-28,2025-08-22,2994.8111274074067,10750.295556851852,52101.530870333336,0.0,28318.635214717837,0.0,28318.635214717837,21037.29172366255,10060.270309666666,18594.503306337447
2025-08-24,2025-08-23,2025-06-29,2025-08-23,10750.295556851852,3638.0302937037027,71983.28252897738,0.0,54463.46405911997,0.0,54463.46405911997,11354.482857201649,15598.169851166665,12493.380039609054
2025-08-25,2025-08-24,2025-06-30,2025-08-24,3638.0302937037027,3446.2285726666655,79885.12636314816,0.0,58630.96675378884,0.0,58630.96675378884,19559.990622716046,16016.213953333336,5568.26267709877
2025-08-26,2025-08-25,2025-07-01,2025-08-25,3446.2285726666655,3730.4644366111124,79732.04329833333,0.0,57865.52106279845,0.0,57865.52106279845,18814.212414670783,14983.699778333332,10372.712278662548
2025-08-27,2025-08-26,2025-07-02,2025-08-26,3730.4644366111124,3762.3500640185207,79687.08758997943,0.0,58189.73768764583,0.0,58189.73768764583,20137.122088065837,16282.371826666666,7918.18846191358
2025-08-28,2025-08-27,2025-07-03,2025-08-27,3762.3500640185207,3146.4503870555563,79179.12316010287,0.0,58342.8743233108,0.0,58342.8743233108,19348.91778074074,16226.933111666667,5289.343507695473
2025-08-29,2025-08-28,2025-07-04,2025-08-28,3146.4503870555563,2973.6922015185182,43284.925435185185,0.0,24763.579093350185,0.0,24763.579093350185,13577.416758868309,11153.189941666666,18305.47826798354
2025-08-30,2025-08-29,2025-07-05,2025-08-29,2973.6922015185182,10392.027118685188,52226.418274321,0.0,28829.176925783606,0.0,28829.176925783606,21562.07697997942,10788.780928333332,22940.402389341572
2025-08-31,2025-08-30,2025-07-06,2025-08-30,10392.027118685188,3125.3584163148153,71027.90754581707,0.0,53192.07244871504,0.0,53192.07244871504,11060.565190967074,15499.05963681667,8819.77890833334
2025-09-01,2025-08-31,2025-07-07,2025-08-31,3125.3584163148153,6611.344437814815,78871.97937925925,0.0,51120.86896496867,0.0,51120.86896496867,19157.52103623456,12380.20462,18520.528429691367
2025-09-02,2025-09-01,2025-07-08,2025-09-01,6611.344437814815,6434.136843518521,73866.72371527634,0.0,48543.975711641935,0.0,48543.975711641935,17389.183232613163,14244.72525328333,16664.509885946507
2025-09-03,2025-09-02,2025-07-09,2025-09-02,6434.136843518521,6713.086966222224,73261.44367388889,0.0,49573.31549814045,0.0,49573.31549814045,15878.373486131684,12610.427413333335,14445.780351090534
2025-09-04,2025-09-03,2025-07-10,2025-09-03,6713.086966222224,6171.407747777776,72118.4605821399,0.0,48391.53838287058,0.0,48391.53838287058,16598.629755226328,13932.401398333332,15526.666675246914
2025-09-05,2025-09-04,2025-07-11,2025-09-04,6171.407747777776,5928.958575055556,38383.658600333336,0.0,19513.035905787667,0.0,19513.035905787667,13225.538414670784,10930.890371333331,29264.748890329218
2025-09-06,2025-09-05,2025-07-12,2025-09-05,5928.958575055556,10800.0,47402.08360745,0.0,22781.13050234386,0.0,22781.13050234386,18115.66688162551,10289.752891666665,31855.085917491157
2025-09-07,2025-09-06,2025-07-13,2025-09-06,10800.0,6065.500349981486,66562.04219096708,0.0,45464.542147658045,0.0,45464.542147658045,12916.806053477365,14723.662588333333,13407.915109156382
2025-09-08,2025-09-07,2025-07-14,2025-09-07,6065.500349981486,5183.792445018518,67645.01883312756,0.0,45231.99986173161,0.0,45231.99986173161,17653.046959506166,15092.505151666666,5688.90749195472
2025-09-09,2025-09-08,2025-07-15,2025-09-08,5183.792445018518,5036.054403648147,69200.48220777778,0.0,45472.23620206808,0.0,45472.23620206808,17705.042719465022,14474.04884,12866.654061646084
2025-09-10,2025-09-09,2025-07-16,2025-09-09,5036.054403648147,4925.388771666669,68644.40407972407,386.1588093499987,45928.18963521201,2016.3612108504763,47944.550846062484,20057.91900355967,16346.513461666666,4003.158697181074
2025-09-11,2025-09-10,2025-07-17,2025-09-10,4925.388771666669,4344.867951703706,69732.24345539094,0.0,45715.209678071704,0.0,45715.209678071704,17652.91316711934,14821.328403333337,13404.572908271603
2025-09-12,2025-09-11,2025-07-18,2025-09-11,4344.867951703706,4678.825917685184,35275.49227013333,0.0,17460.97552048709,0.0,17460.97552048709,13708.774048456786,10803.544809866667,20818.606831543213
2025-09-13,2025-09-12,2025-07-19,2025-09-12,4678.825917685184,10800.0,44411.79468741667,0.0,20539.80703371886,0.0,20539.80703371886,19643.77212644033,10402.398748333331,27163.319825976338
2025-09-14,2025-09-13,2025-07-20,2025-09-13,10800.0,4504.777201925927,62317.03435644033,0.0,43005.41583279846,0.0,43005.41583279846,12858.308150288065,16080.93012,5440.331576152268
2025-09-15,2025-09-14,2025-07-21,2025-09-14,4504.777201925927,3496.152976537038,66811.98751639918,1.1717666666667128,43715.67843197257,7.876615533333644,43723.555047505906,18659.671078786007,16022.095376666664,9108.552947613169
2025-09-16,2025-09-15,2025-07-22,2025-09-15,3496.152976537038,2455.045809111113,65777.23090331277,0.0,43913.60570002088,0.0,43913.60570002088,18296.72889010288,15757.346851666665,3746.0788815432215
2025-09-17,2025-09-16,2025-07-23,2025-09-16,2455.045809111113,3340.1083358333362,68676.94389438273,26.68032391666463,44800.03197201657,131.6496844204069,44931.68165643698,21472.314498106993,16596.018469416667,3867.209789609057
2025-09-18,2025-09-17,2025-07-24,2025-09-17,3340.1083358333362,2450.3273222777793,67244.71976047325,0.0,43718.393385850664,0.0,43718.393385850664,19152.996163950607,16314.729804999999,5450.402284855971
2025-09-19,2025-09-18,2025-07-25,2025-09-18,2450.3273222777793,3327.7621573333336,34179.37757757201,0.0,16189.546669516401,0.0,16189.546669516401,14626.439491625513,11057.724636666668,14509.310405946502
2025-09-20,2025-09-19,2025-07-26,2025-09-19,3327.7621573333336,10800.0,43184.25375606996,0.0,18922.8416313521,0.0,18922.8416313521,22498.788792263367,11499.004863333332,16539.036093806586
2025-09-21,2025-09-20,2025-07-27,2025-09-20,10800.0,3357.315663962964,62325.09790884775,0.0,42960.60120134427,0.0,42960.60120134427,10643.164513456788,15319.379158333335,8713.82507039095
2025-09-22,2025-09-21,2025-07-28,2025-09-21,3357.315663962964,3118.6238541851867,68700.66350325104,19.555900000000065,44898.41878619492,128.01369518333377,45026.43248137825,20421.888694897116,16756.552471666662,4440.863296687244
2025-09-23,2025-09-22,2025-07-29,2025-09-22,3118.6238541851867,2559.5268394567906,68342.60267788067,153.62457687777712,44671.70369938858,965.1165224610431,45636.82022184962,20332.64936814815,16972.633301455557,3019.595604732511
2025-09-24,2025-09-23,2025-07-30,2025-09-23,2559.5268394567906,2799.6595527222235,69136.22614916324,109.3869773666678,44845.20658556612,536.1741864377057,45381.380772003824,21218.368408936898,16970.758969299997,3934.778586893004
2025-09-25,2025-09-24,2025-07-31,2025-09-24,2799.6595527222235,1623.9800944444466,67685.63774722224,15.37166666666667,44234.04424941407,106.25664583333337,44340.300895247405,19047.169988744856,16486.319203333333,4804.709728477364
2025-09-26,2025-09-25,2025-08-01,2025-09-25,1623.9800944444466,3046.3092906296342,34584.01594921811,0.0,15509.878869917493,0.0,15509.878869917493,15873.101388765426,11577.115848333331,12593.786908786009
2025-09-27,2025-09-26,2025-08-02,2025-09-26,3046.3092906296342,10204.648385314817,42153.080151707814,0.0,18749.380574799136,0.0,18749.380574799136,23475.376049650196,12572.549414999998,13448.951267057617
2025-09-28,2025-09-27,2025-08-03,2025-09-27,10204.648385314817,4018.697894740742,64007.680085432105,5.868333333333453,43593.15832798475,40.07191416666748,43633.23024215142,15033.524314999997,17744.510136666664,3236.905073765435
2025-09-29,2025-09-28,2025-08-04,2025-09-28,4018.697894740742,3786.4371065452674,70274.6235764609,213.40452135740503,45815.21100744011,1383.8221983735318,47199.03320581365,21522.073540246907,17641.914276975927,3847.97723454733
2025-09-30,2025-09-29,2025-08-05,2025-09-29,3786.4371065452674,3119.6714350226343,70213.72022196616,275.354790203702,46181.46313411597,1549.5090308312788,47730.97216494725,21247.24768365341,17810.35972812963,1630.01228997942
2025-10-01,2025-09-30,2025-08-06,2025-09-30,3119.6714350226343,4574.364120074075,71093.96555102422,0.0,44243.741577354696,0.0,44243.741577354696,19366.283143884313,14377.46593,16443.62680380658
2025-10-02,2025-10-01,2025-08-07,2025-10-01,4574.364120074075,4009.315301333333,65702.6403586214,0.0,41603.51666195937,0.0,41603.51666195937,18113.761966831276,15180.691130000001,11038.786405123454
2025-10-03,2025-10-02,2025-08-08,2025-10-02,4009.315301333333,4506.0064030925905,30968.92417277778,0.0,13333.853869643777,0.0,13333.853869643777,14055.731170679011,10938.120256666667,20034.159558765437
2025-10-04,2025-10-03,2025-08-09,2025-10-03,4506.0064030925905,10800.0,39972.35739263375,73.11451933333299,16816.346338181174,226.25288007699893,17042.599218258172,21001.20110026749,11346.378653999998,17294.667032366255
2025-10-05,2025-10-04,2025-08-10,2025-10-04,10800.0,6445.680893074077,59110.53116594651,0.0,38741.39921615721,0.0,38741.39921615721,14749.788335925925,15866.215748333332,5490.997511687243
2025-10-06,2025-10-05,2025-08-11,2025-10-05,6445.680893074077,4863.326453111111,60977.747292633736,0.0,40578.6460488758,0.0,40578.6460488758,17997.070908271602,16001.746431666666,1249.3135660288021
2025-10-07,2025-10-06,2025-08-12,2025-10-06,4863.326453111111,5800.544498777777,65172.798807572006,165.48393568333512,41754.639726431495,866.9475040506346,42621.58723048213,20909.143831790116,16092.910262650003,2750.4861741152276
2025-10-08,2025-10-07,2025-08-13,2025-10-07,5800.544498777777,4696.653234481482,63529.170423950614,0.0,40619.509769376935,0.0,40619.509769376935,18922.912685761316,16321.061413333333,4448.82348485596
2025-10-09,2025-10-08,2025-08-14,2025-10-08,4696.653234481482,2473.1576433703717,62576.1820667284,0.0,40084.31676008581,0.0,40084.31676008581,17719.514081893005,16353.95243833333,5450.63873983539
2025-10-10,2025-10-09,2025-08-15,2025-10-09,2473.1576433703717,5145.420627962965,33918.14204742799,140.54016821666562,13797.86273972819,439.1564149917131,14237.019154719905,18093.233468621394,12250.482423450001,18872.32025380659
2025-10-11,2025-10-10,2025-08-16,2025-10-10,5145.420627962965,10798.901666666667,38585.99562454732,0.0,15760.211264488436,0.0,15760.211264488436,21562.023254938267,12377.105901666666,15294.76468794239
2025-10-12,2025-10-11,2025-08-17,2025-10-11,10798.901666666667,7264.950149314816,61776.31816633745,20.92993333333345,39683.150267427496,105.12059016666726,39788.270857594165,16750.48702804526,16748.450858333334,3280.2559466255207
2025-10-13,2025-10-12,2025-08-18,2025-10-12,7264.950149314816,4511.417735685185,62707.059877983535,0.0,40524.684313037906,0.0,40524.684313037906,16923.10671325102,16185.895609999998,4942.453474732514
2025-10-14,2025-10-13,2025-08-19,2025-10-13,4511.417735685185,4355.948295425925,65567.11075639917,388.92340190000135,42082.72233149789,2026.8446760302575,44109.567007528145,20487.432029053496,16734.742439766665,1429.5152856790114
2025-10-15,2025-10-14,2025-08-20,2025-10-14,4355.948295425925,5138.130027765431,67093.01201623457,103.58269150555452,42013.01707539997,671.2726306796787,42684.289706079646,22677.079141069953,17664.470545161115,263.96246183127704
2025-10-16,2025-10-15,2025-08-21,2025-10-15,5138.130027765431,1739.5237838683129,63561.25347067215,1585.7586903314852,41054.093287199124,10150.548001233634,51204.64128843276,18096.174366454048,17716.64685633518,1801.0117008847749
2025-10-17,2025-10-16,2025-08-22,2025-10-16,1739.5237838683129,3583.89451144856,33906.813806833554,124.45742612037282,13817.923127956177,530.1886352727881,14348.111763228966,17906.52666712163,12844.352945546298,12964.898194711932
2025-10-18,2025-10-17,2025-08-23,2025-10-17,3583.89451144856,10582.854127833336,39970.19026246456,0.0,15922.95052903756,0.0,15922.95052903756,23414.826137546865,12666.945516666665,13145.716374917698
2025-10-19,2025-10-18,2025-08-24,2025-10-18,10582.854127833336,7296.688019236626,66410.78168446501,907.0173445629626,43016.16083395685,5931.581858591319,48947.74269254817,18262.14376670781,17749.885948770374,2919.8186777572073
2025-10-20,2025-10-19,2025-08-25,2025-10-19,7296.688019236626,5093.177779823044,68755.19513014861,778.868063107402,44089.1132529123,4248.493766289786,48337.607019202085,19509.655314510746,17785.980020225932,3369.6055323045275
2025-10-21,2025-10-20,2025-08-26,2025-10-20,5093.177779823044,6586.630500981481,72968.05396564929,242.28176666666155,46624.34162739178,1263.3055912166396,47887.64721860842,24186.280877418845,18246.780061666665,808.2535665637802
2025-10-22,2025-10-21,2025-08-27,2025-10-21,6586.630500981481,7041.118014000001,71900.59245934157,1550.7110900333314,45501.39497983408,9064.561019180146,54565.95599901422,22698.014983559675,17976.353374966668,3174.7452407818887
2025-10-23,2025-10-22,2025-08-28,2025-10-22,7041.118014000001,1326.7587379053505,65788.33635263375,322.8322196148142,42966.573509316586,2077.4253332213293,45043.99884253791,15955.796049670771,18067.118148718517,4842.993637962969
2025-10-24,2025-10-23,2025-08-29,2025-10-23,1326.7587379053505,2769.0479718106994,33835.52745228624,780.8304128796317,13759.606180571762,3540.628841720778,17300.235022292538,18399.011167862373,13605.138735453702,11402.434716090534
2025-10-25,2025-10-24,2025-08-30,2025-10-24,2769.0479718106994,10170.197672341563,40990.9700142021,579.2073043907392,16083.597351739849,2567.3532296969024,18650.95058143675,24560.27007747371,13232.784032275926,10844.258540061726
2025-10-26,2025-10-25,2025-08-31,2025-10-25,10170.197672341563,7244.954969092593,69590.85901743942,256.57469266666993,45273.464803179566,1672.437011822762,46945.901815002326,17632.377659764516,16914.944337333327,4585.688371008233
2025-10-27,2025-10-26,2025-09-01,2025-10-26,7244.954969092593,6463.808554993827,71988.836855,690.1542933777802,45989.188519546966,4334.414464743038,50323.60298429,20477.16657069958,17289.536694955554,5938.779605967085
2025-10-28,2025-10-27,2025-09-02,2025-10-27,6463.808554993827,7980.116700711934,73983.37736941015,259.1728121907432,47170.13878497802,1748.5850336832034,48918.72381866122,23920.607362908086,18011.01463280926,2360.535751502064
2025-10-29,2025-10-28,2025-09-03,2025-10-28,7980.116700711934,7230.597265771605,71626.46469634888,1692.0220997444403,46547.18375520257,10462.702939464538,57009.886694667104,21679.904724867403,18235.290318588894,561.6155898148176
2025-10-30,2025-10-29,2025-09-04,2025-10-29,7230.597265771605,1218.8839523312756,67087.75390926612,435.5882684648145,45333.88238210291,2532.8801563554302,47866.76253845834,15467.74487379287,17939.41532986852,5207.194983806578
2025-10-31,2025-10-30,2025-09-05,2025-10-30,1218.8839523312756,5845.994883574073,38626.49220755373,427.0264533833305,15632.660477058009,1926.2525432013117,17558.913020259322,22156.187310372654,13782.111883283334,6775.151167181073
2025-11-01,2025-10-31,2025-09-06,2025-10-31,5845.994883574073,10241.407642687243,38806.849752860086,85.38634350184944,15403.884277372115,358.5372563642658,15762.42153373638,21851.9103391358,13744.175891498151,8240.463215390948
2025-11-02,2025-11-01,2025-09-07,2025-11-01,10241.407642687243,7429.104487925925,73058.50896368083,516.1972916666675,48591.22487397491,3263.0934895625055,51854.318363537415,19414.639416520346,18256.930766666665,3620.6136721604944
2025-11-03,2025-11-02,2025-09-08,2025-11-02,7429.104487925925,7388.528970407407,76852.64123024342,160.1072566333347,50734.45606546044,1040.9191255706514,51775.3751910311,21390.213997037034,17362.591303366666,3480.195509873055
2025-11-04,2025-11-03,2025-09-09,2025-11-03,7388.528970407407,7259.430916207818,76608.12625949734,681.4691186037007,50182.41722010189,4384.202351088682,54566.61957119057,21312.98625843622,17379.707118112965,5776.24420444444
2025-11-05,2025-11-04,2025-09-10,2025-11-04,7259.430916207818,8065.240041407407,78180.19502057465,105.88444063333301,51711.32010622092,689.304424749365,52400.624530970286,23373.392012505712,18207.21931745,3441.8866994856016
2025-11-06,2025-11-05,2025-09-11,2025-11-05,8065.240041407407,1269.4463291193415,69264.65122451811,1253.6235104407353,48097.35472269458,6951.611213122251,55048.96593581683,14753.11661711935,18066.23880092593,2461.8123687654247
2025-11-07,2025-11-06,2025-09-12,2025-11-06,1269.4463291193415,5978.185871534977,39684.26934309785,435.61198281481563,16080.427444079029,2195.144435327041,18275.57187940607,22999.877132130765,14392.03488885185,8193.577299300414
2025-11-08,2025-11-07,2025-09-13,2025-11-07,5978.185871534977,10302.961787421811,39550.45690018748,40.75392957962923,16122.77766350508,174.875111826189,16297.65277533127,22102.639913232742,14010.84000542037,7708.20382195473
2025-11-09,2025-11-08,2025-09-14,2025-11-08,10302.961787421811,6556.976934578189,74007.46726564136,343.73059872037413,50501.27713258655,2145.54523054981,52646.82236313636,18539.047663456786,18388.01497495926,2853.347992530866
2025-11-10,2025-11-09,2025-09-15,2025-11-09,6556.976934578189,8093.196636648147,80714.32308512423,552.0569325666631,54237.48717072023,3514.5162802933105,57752.003451013545,24728.44874921353,18647.445755000004,1326.933923477366
2025-11-11,2025-11-10,2025-09-16,2025-11-10,8093.196636648147,7277.022441345677,78780.56365562984,124.0044282611151,53029.060429856996,791.6442700189587,53820.704699875954,21167.60274644033,17880.31500038888,4058.26067117284
2025-11-12,2025-11-11,2025-09-17,2025-11-11,7277.022441345677,6737.952594148148,79021.1972737723,100.76562499999739,52993.61585605673,639.4300478124829,53633.04590386921,22036.5463076406,18334.76537166667,4464.194212798355
2025-11-13,2025-11-12,2025-09-18,2025-11-12,6737.952594148148,1581.7106616090537,74015.8540030247,217.40253096481666,52039.99207600285,1415.6165803774036,53455.60865638025,16622.31942150206,18104.69647070185,3319.7622665226327
2025-11-14,2025-11-13,2025-09-19,2025-11-13,1581.7106616090537,5401.8877712037065,39974.71313722451,0.0,16399.04045969275,0.0,16399.04045969275,21681.92712382945,14124.201571666666,4818.5322850617285
2025-11-15,2025-11-14,2025-09-20,2025-11-14,5401.8877712037065,10351.691254131687,41483.104737325106,95.94810268518444,17383.09098663131,501.6166808381443,17884.707667469454,23490.01018347736,14572.08511398148,4449.240853847739
2025-11-16,2025-11-15,2025-09-21,2025-11-15,10351.691254131687,7960.948143351852,78746.84872160266,47.399670800000465,54341.488341327524,309.6688368215531,54651.15717814908,20195.726073454498,18510.206919199998,2674.1848548148214
2025-11-17,2025-11-16,2025-09-22,2025-11-16,7960.948143351852,7490.016167574075,81408.58953460905,0.0,55738.50137313959,0.0,55738.50137313959,21500.585349958852,17839.312911666668,5051.562762983536
2025-11-18,2025-11-17,2025-09-23,2025-11-17,7490.016167574075,6837.151591722226,81290.6635471399,0.0,56409.59899806863,0.0,56409.59899806863,21205.653269629627,17764.15726666666,2958.6157108436223
2025-11-19,2025-11-18,2025-09-24,2025-11-18,6837.151591722226,7187.5109835946505,83030.35617388888,93.73227611851586,57884.79285834739,466.7123981084734,58351.505256455865,22785.255592469126,18140.733577214818,3111.2548347530887
2025-11-20,2025-11-19,2025-09-25,2025-11-19,7187.5109835946505,1441.4492876419756,76528.97967310471,32.142460261110976,54141.84652436534,156.00450682930355,54297.851031194645,16145.70341569731,18249.475293072224,3871.8179774074015
2025-11-21,2025-11-20,2025-09-26,2025-11-20,1441.4492876419756,6911.1658102037045,42512.964201899864,0.0,17619.873761528903,0.0,17619.873761528903,23959.915088854592,14484.786351666666,4173.451398045274
2025-11-22,2025-11-21,2025-09-27,2025-11-21,6911.1658102037045,10324.12232277778,40979.36242668725,0.0,17423.429359986854,0.0,17423.429359986854,22275.535123024696,14971.522588333331,3455.520408662554
2025-11-23,2025-11-22,2025-09-28,2025-11-22,10324.12232277778,7443.002588370374,80902.56365469136,0.0,56709.84798735686,0.0,56709.84798735686,19461.61494530864,18356.915866666666,4565.768292716051
2025-11-24,2025-11-23,2025-09-29,2025-11-23,7443.002588370374,6471.819167222223,83123.61216569957,33.404712533335534,57623.543198536456,170.46901489361068,57794.01221343007,20077.508779958833,17136.847190799996,6054.411589074083
2025-11-25,2025-11-24,2025-09-30,2025-11-24,6471.819167222223,5962.658479444447,83117.82417419754,0.0,57319.190871753555,0.0,57319.190871753555,21594.06490452674,17949.437191666664,3304.5359946707927
2025-11-26,2025-11-25,2025-10-01,2025-11-25,5962.658479444447,8196.485780925927,86341.70013839507,32.99316666666675,59429.20357403112,177.73418883333377,59606.93776286445,24796.040849382705,18074.348516666665,2895.3340890123545
2025-11-27,2025-11-26,2025-10-02,2025-11-26,8196.485780925927,1652.8827439958852,76908.45604674898,31.46604782963061,55937.65759712357,202.8301443097989,56140.48774143337,13870.613476049384,17124.439648837037,4412.85553403292
2025-11-28,2025-11-27,2025-10-03,2025-11-27,1652.8827439958852,6407.523365699591,43293.157801156834,55.68958046296035,17664.031130073574,279.08833249012577,17943.1194625637,24057.777871280297,15207.623516203705,3577.4544765432106
2025-11-29,2025-11-28,2025-10-04,2025-11-28,6407.523365699591,10406.913592722223,43347.38941817329,0.0,17945.737628314077,0.0,17945.737628314077,23198.519877761762,15191.349896666667,410.7693370781981
2025-11-30,2025-11-29,2025-10-05,2025-11-29,10406.913592722223,8853.61016590741,84756.66639026749,6.062833333333515,60371.22883936522,32.518006583334305,60403.74684594855,20823.077383786003,18264.665764999998,1959.4894881481446
2025-12-01,2025-11-30,2025-10-06,2025-11-30,8853.61016590741,7278.188690419753,85730.05058121399,4103.4983796277775,64207.32903762244,26696.48154791331,90903.81058553574,21463.192712880656,18803.06542537222,874.4939399999988
2025-12-02,2025-12-01,2025-10-07,2025-12-01,7278.188690419753,5772.6318683539075,86126.272660583,5113.62092231852,65700.43496529385,34664.45127954451,100364.88624483836,20442.031935582985,17913.04700768148,73.09870499999977
2025-12-03,2025-12-02,2025-10-08,2025-12-02,5772.6318683539075,6448.879808271606,90092.05817571789,2504.7792886611087,68031.04088877105,16076.518304416513,84107.55919318757,24429.98303571788,19179.66311300556,183.7689749999995
2025-12-04,2025-12-03,2025-10-09,2025-12-03,6448.879808271606,1321.4986868930039,84064.38392914266,3058.3499393370407,65636.9805537714,19506.95932810001,85143.93988187141,17644.34279599451,18906.560673996297,1613.7429964814828
2025-12-05,2025-12-04,2025-10-10,2025-12-04,1321.4986868930039,7026.204190055558,50098.33591857567,2470.988285733333,21743.2852264232,12483.401699034666,34226.68692545786,26387.423755695014,16239.578289266667,1109.8510545473277
2025-12-06,2025-12-05,2025-10-11,2025-12-05,7026.204190055558,10232.368981841564,47755.439629711924,3294.8152147469136,21392.480717360784,18575.432256641496,39967.912974002276,22935.688632551435,15692.359479759263,142.29487500000027
2025-12-07,2025-12-06,2025-10-12,2025-12-06,10232.368981841564,9435.351900487653,90148.72120128715,1568.1282156388866,68832.583020675,10397.467208638209,79230.0502293132,22572.523929394138,19001.05975602778,492.7039935596757
2025-12-08,2025-12-07,2025-10-13,2025-12-07,9435.351900487653,8274.866104574076,92561.92700980796,0.0,70126.14358261367,0.0,70126.14358261367,22935.782076556927,19622.42069833333,1401.354514917701
2025-12-09,2025-12-08,2025-10-14,2025-12-08,8274.866104574076,8033.593023845679,94009.60011763374,365.6581888611046,70225.81161314846,2549.097668086888,72774.90928123535,24033.2399878395,19684.07016280556,2637.6342147942364
2025-12-10,2025-12-09,2025-10-15,2025-12-09,8033.593023845679,8154.207879944446,94437.82996906036,0.0,71456.19159838339,0.0,71456.19159838339,24500.279109657065,19736.67270833333,1286.6051010699548
2025-12-11,2025-12-10,2025-10-16,2025-12-10,8154.207879944446,1687.6688725370382,87230.47914314814,0.0,67482.1111115037,0.0,67482.1111115037,15568.57492181069,18430.430793333333,4131.0803146707885
2025-12-12,2025-12-11,2025-10-17,2025-12-11,1687.6688725370382,9135.774189240741,56111.72511148147,423.69821330000013,24601.984106498276,2075.7114903250176,26677.695596823294,29211.058623539087,16957.66270003333,567.6139179423878
2025-12-13,2025-12-12,2025-10-18,2025-12-12,9135.774189240741,10547.23684644444,50572.14291310699,310.0453914000006,22870.254398972545,1486.3541379423693,24356.608536914915,22724.989216152262,17136.9248736,1495.5905786214007
2025-12-14,2025-12-13,2025-10-19,2025-12-13,10547.23684644444,9715.769403148146,94507.25028267491,0.0,72461.81249811233,0.0,72461.81249811233,22692.213513621406,19129.013645,2165.328614053499
2025-12-15,2025-12-14,2025-10-20,2025-12-14,9715.769403148146,9009.728309907405,96819.077268786,0.0,74153.97214443824,0.0,74153.97214443824,21910.225482818933,18382.719625000005,3822.0134443004104
2025-12-16,2025-12-15,2025-10-21,2025-12-15,9009.728309907405,8976.06548872223,98131.14824063788,0.0,74453.50368202779,0.0,74453.50368202779,23026.144655473254,18681.47371,4368.385961831275
2025-12-17,2025-12-16,2025-10-22,2025-12-16,8976.06548872223,7429.39459840741,96691.91107975307,0.0,73751.28627330004,0.0,73751.28627330004,21064.20086672838,18454.006503333334,5889.869649691363
2025-12-18,2025-12-17,2025-10-23,2025-12-17,7429.39459840741,2479.09788553704,92288.88191954732,0.0,71330.94616420424,0.0,71330.94616420424,18242.287950720172,19231.520281666668,5911.847283827145
2025-12-19,2025-12-18,2025-10-24,2025-12-18,2479.09788553704,8979.444989462962,58739.99683617283,0.0,26245.545779220676,0.0,26245.545779220676,27139.758224526744,16132.891768333333,4824.739079979421
2025-12-20,2025-12-19,2025-10-25,2025-12-19,8979.444989462962,10620.654531796295,53531.0117977572,0.0,24078.526179388835,0.0,24078.526179388835,22047.119800123462,16381.07845,5008.618197633738
2025-12-21,2025-12-20,2025-10-26,2025-12-20,10620.654531796295,9744.347523537039,96814.73760991769,0.0,73654.55847843758,0.0,73654.55847843758,22211.72775625514,18780.17579,4345.4037769958895
2025-12-22,2025-12-21,2025-10-27,2025-12-21,9744.347523537039,6676.906273777777,95705.9270920576,0.0,74262.96720427295,0.0,74262.96720427295,19164.821045534976,18284.202171666668,5887.881134855964
2025-12-23,2025-12-22,2025-10-28,2025-12-22,6676.906273777777,9851.86994922222,102773.72439588477,0.0,76908.28682798581,0.0,76908.28682798581,25808.427262839512,18047.358775,7754.563374711928
2025-12-24,2025-12-23,2025-10-29,2025-12-23,9851.86994922222,9005.591580251028,98283.07948586419,48.698187592592376,74260.7349922618,376.680481028702,74637.4154732905,21844.24902304527,18455.49224074074,7088.461574485594
2025-12-25,2025-12-24,2025-10-30,2025-12-24,9005.591580251028,2498.9671481666674,91385.20930807499,0.0,71804.29963658523,0.0,71804.29963658523,15056.323046655234,18051.583656666666,6568.02138475309
2025-12-26,2025-12-25,2025-10-31,2025-12-25,2498.9671481666674,10800.0,61360.838232057606,0.0,27365.013109699175,0.0,27365.013109699175,28845.179742777775,15893.666024999999,5401.702080946501
2025-12-27,2025-12-26,2025-11-01,2025-12-26,10800.0,10705.316217370373,52456.33705763375,0.0,23642.31221557808,0.0,23642.31221557808,19352.433420534977,15760.686474999999,5525.7810454321025
2025-12-28,2025-12-27,2025-11-02,2025-12-27,10705.316217370373,9306.020261759255,97498.9545729218,0.0,73710.34390956027,0.0,73710.34390956027,20901.501156316866,18189.582296666667,7977.780963271607
2025-12-29,2025-12-28,2025-11-03,2025-12-28,9306.020261759255,7612.869453870368,97867.14258090535,0.0,74434.7294732671,0.0,74434.7294732671,19785.372310164617,17549.987298333333,8107.991302407401
2025-12-30,2025-12-29,2025-11-04,2025-12-29,7612.869453870368,9187.623173074075,101351.73473691358,0.0,75069.5337688296,0.0,75069.5337688296,23808.638046028813,17867.71847,9186.412560884768
2025-12-31,2025-12-30,2025-11-05,2025-12-30,9187.623173074075,8801.687028537037,98999.45313718106,0.0,74765.99412851129,0.0,74765.99412851129,22969.29343611111,18952.470213333338,6336.206981069958
